date,ticker,open,high,low,close,volume,daily_return_pct,log_return,intraday_range_pct,overnight_gap_pct,sma_20,sma_50,volatility_20_pct,drawdown_pct,volume_ratio_20,pre_regular_listing
2025-02-13,SNDK,35.060001373291016,44.0,34.9900016784668,36.0,369100,,,25.69879625959482,,,,,0.0,,True
2025-02-14,SNDK,37.0,38.25,35.505001068115234,36.650001525878906,242700,1.8055597941080803,0.017894531510353584,7.418916032120988,2.777777777777768,,,,0.0,,True
2025-02-18,SNDK,40.52999877929688,47.150001525878906,39.0,47.150001525878906,444500,28.649384891801045,0.2519205714752273,20.108565929792245,10.586622351647845,,,,0.0,,True
2025-02-19,SNDK,46.5099983215332,48.5,45.5,46.0,220700,-2.439027547534034,-0.02469264495259571,6.450225990679212,-1.3573768475795833,,,,-2.439027547534034,,True
2025-02-20,SNDK,48.97999954223633,49.4900016784668,46.709999084472656,48.2599983215332,446200,4.913039829419996,0.0479616289281215,5.6757913841891625,6.478259874426806,,,,0.0,,True
2025-02-21,SNDK,48.9900016784668,50.68999862670898,48.0,50.369998931884766,1252100,4.372152266342066,0.042792713134957694,5.4909135222409,1.5126468759280254,,,,0.0,,True
2025-02-24,SNDK,52.0,53.0,46.209999084472656,48.59999847412109,33848500,-3.513997409762204,-0.035772239042412224,13.057694068321815,3.2360553954338567,,,,-3.513997409762204,,False
2025-02-25,SNDK,48.29999923706055,55.0099983215332,47.810001373291016,48.15999984741211,8198900,-0.9053469969618866,-0.009094701677549555,14.90682621526345,-0.6172824001636212,,,,-4.387530536701489,,False
2025-02-26,SNDK,46.150001525878906,49.90999984741211,45.29999923706055,46.58000183105469,8389000,-3.280726788545296,-0.03335749406612809,9.989166756075782,-4.173584567901967,,,,-7.52431443557361,,False
2025-02-27,SNDK,46.040000915527344,47.869998931884766,41.58000183105469,45.15999984741211,9676100,-3.048522816278354,-0.030959567863451554,13.66202644602626,-1.159297755045019,,,,-10.343456809514972,,False
2025-02-28,SNDK,45.22999954223633,48.70000076293945,43.75,46.84999847412109,7713800,3.7422467502639334,0.03673924021234409,10.944065472114547,0.1550037534560067,,,,-6.988287735570076,,False
2025-03-03,SNDK,48.4900016784668,50.880001068115234,47.60499954223633,50.310001373291016,4813000,7.385278573874787,0.07125291568483139,6.753972803703269,3.5005405715255566,,,,-0.11911367851106247,,False
2025-03-04,SNDK,46.68999862670898,50.09999847412109,45.09700012207031,48.68999862670898,6074700,-3.2200411495955095,-0.03273024980998507,10.715353393025831,-7.195393853644094,,,,-3.3353193186437258,,False
2025-03-05,SNDK,47.59999847412109,49.39799880981445,46.5,48.470001220703125,5071800,-0.45183284495960985,-0.004528566947824331,6.088232988893942,-2.238653077287145,,,,-3.7720820954374124,,False
2025-03-06,SNDK,47.40999984741211,49.060001373291016,45.2400016784668,46.5,4157300,-4.064372129336102,-0.04149276244868849,8.057371244713755,-2.1869225223750455,,,,-7.683142771390871,,False
2025-03-07,SNDK,49.20000076293945,51.130001068115234,47.15999984741211,51.0,7825500,9.677419354838701,0.09237332013101529,8.069108047033977,5.806453253633226,,,,0.0,,False
2025-03-10,SNDK,50.4900016784668,53.66999816894531,49.54999923706055,53.0,5223800,3.9215686274509887,0.03846628082779624,8.160029302676536,-0.9999967088886286,,,,0.0,,False
2025-03-11,SNDK,51.84000015258789,53.18999862670898,49.81999969482422,52.15999984741211,3153400,-1.5849059482790362,-0.015975998859105722,6.500769525396163,-2.1886789573813403,,,,-1.5849059482790362,,False
2025-03-12,SNDK,53.0,53.09999847412109,50.380001068115234,50.43999862670898,2177500,-3.297548362221614,-0.03353143082252741,5.132070577369532,1.6104297451020155,,,,-4.830191270360418,,False
2025-03-13,SNDK,50.0,50.869998931884766,47.86000061035156,48.43999862670898,3547400,-3.965107165845483,-0.04045859353594894,6.019996643066406,-0.8723208538629734,47.439499855041504,,,-8.603776176020794,0.6287152402389097,False
2025-03-14,SNDK,49.43000030517578,54.93999862670898,49.43000030517578,54.81999969482422,4847600,13.170935691557627,0.12372919497322998,11.147073209619721,2.043769006056362,48.380499839782715,,115.56504179688152,0.0,0.8263576661311149,False
2025-03-17,SNDK,54.79999923706055,58.36000061035156,54.744998931884766,55.650001525878906,2930700,1.5140493171747593,0.01502701983299115,6.596718483203951,-0.0364838706220616,49.33049983978272,,115.57983166031353,0.0,0.48839912509113637,False
2025-03-18,SNDK,55.13999938964844,57.88999938964844,54.56999969482422,56.41999816894531,2587300,1.3836417285781,0.01374156797908821,6.021036872640028,-0.9164458620783744,49.793999671936035,,76.8741079350346,0.0,0.42360830844015773,False
2025-03-19,SNDK,56.29999923706055,57.60499954223633,55.66999816894531,56.33000183105469,2520700,-0.15951141583013806,-0.0015963877073748023,3.4369474236462585,-0.21268864902377338,50.31049976348877,,75.96431395524749,-0.15951141583013806,0.40507716425093987,False
2025-03-20,SNDK,56.5099983215332,57.16999816894531,54.91999816894531,56.209999084472656,2701900,-0.21303522577887923,-0.002132624686114859,3.98159629592952,0.3195392945634312,50.707999801635744,,74.72645849607457,-0.37220682610416,0.42646652618951786,False
2025-03-21,SNDK,55.09999847412109,55.45000076293945,51.915000915527344,53.959999084472656,6372200,-4.002846533796756,-0.04085164635358263,6.415607886218725,-1.9747387091813562,50.88749980926514,,75.40082914032796,-4.360154491863644,0.9667218129864653,False
2025-03-24,SNDK,54.61000061035156,55.685001373291016,51.84000015258789,52.9900016784668,3562800,-1.7976230957442385,-0.01813976619294566,7.040837168520904,1.2045988452693335,51.10699996948242,,74.43817991878942,-6.0793984434520105,0.7017156857917739,False
2025-03-25,SNDK,52.130001068115234,53.18000030517578,51.7599983215332,52.20000076293945,3079000,-1.4908490101980365,-0.015020738675540102,2.723963081809924,-1.6229488264029146,51.30900001525879,,74.60939029256747,-7.479612802129843,0.6386277488838533,False
2025-03-26,SNDK,53.52999877929688,53.70000076293945,51.97999954223633,52.619998931884766,1242400,0.8045941816221092,0.008013745809200223,3.213153857512039,2.5478888829857826,51.61099987030029,,73.29355523768962,-6.735199149921534,0.27831884129396756,False
2025-03-27,SNDK,51.95000076293945,54.2400016784668,51.709999084472656,52.880001068115234,1618100,0.4941127736757256,0.004928960428790319,4.87007229420296,-1.2732766677031049,51.99699993133545,,71.98238475640835,-6.274365855578068,0.39844424279957497,False
2025-03-28,SNDK,52.209999084472656,52.88999938964844,48.45500183105469,48.970001220703125,3987300,-7.394099410806742,-0.07681732510048578,8.494536748445809,-1.267023392793698,52.10300006866455,,77.05360617090723,-13.204532417625659,1.029055002684065,False
2025-03-31,SNDK,47.40999984741211,48.39500045776367,47.02000045776367,47.61000061035156,2113400,-2.7772117142128905,-0.028165054615549856,2.9002320278958087,-3.185626576279299,51.96800003051758,,73.22509289293214,-15.615026310729208,0.5651195002861161,False
2025-04-01,SNDK,47.54999923706055,49.36000061035156,46.58000183105469,48.11000061035156,2115600,1.050199524448825,0.0104472323717002,5.84647491882637,-0.12602682739299986,51.93900012969971,,72.48125257879332,-14.728815718338218,0.5973259246396944,False
2025-04-02,SNDK,46.91999816894531,48.709999084472656,46.5099983215332,47.66999816894531,1725300,-0.9145758383373948,-0.009187837592261161,4.68883386358603,-2.4735032764688913,51.898999977111814,,72.53360424369552,-15.508685366842446,0.5112818050888142,False
2025-04-03,SNDK,44.79999923706055,44.79999923706055,37.54999923706055,38.2599983215332,7372000,-19.739878768324072,-0.21989731066359486,16.183035989881176,-6.020555993548227,51.486999893188475,,105.80975488010213,-32.187168445191006,2.085316368686876,False
2025-04-04,SNDK,35.720001220703125,35.869998931884766,28.36000061035156,30.11000061035156,11428600,-21.301615443602163,-0.23954755737772215,21.02463064077515,-6.638779958859898,50.44249992370605,,126.82867187851284,-46.63239704441412,3.0760493627787424,False
2025-04-07,SNDK,29.21999931335449,32.97999954223633,27.88500022888184,31.479999542236328,6238600,4.549979754612732,0.04449504624342149,17.436685260378866,-2.955832875975084,49.36649990081787,,127.25464185392357,-44.20418191441286,1.6565190954013314,False
2025-04-08,SNDK,33.0,35.84000015258789,31.655000686645508,32.349998474121094,5979600,2.7636561135189863,0.02726156477130104,12.681816563461767,4.828464040237068,48.37599983215332,,128.62661700490276,-42.66217737680258,1.5303270717100885,False
2025-04-09,SNDK,31.920000076293945,39.650001525878906,31.26000022888184,36.58000183105469,5601600,13.07574515132497,0.12288771923979747,26.284465153332114,-1.3292068565973314,47.682999992370604,,138.6628803678212,-35.16482981527454,1.3734107617678104,False
2025-04-10,SNDK,34.599998474121094,35.029998779296875,30.51000022888184,31.075000762939453,4153400,-15.04920938369596,-0.1630980310705623,13.063580201588007,-5.412802782455484,46.81475009918213,,148.04081340837234,-44.92201033064948,1.0108289191402575,False
2025-04-11,SNDK,30.559999465942383,32.04999923706055,28.270000457763672,31.96999931335449,4856000,2.8801239853304406,0.02839427964561647,12.369106169355462,-1.6572849053998029,45.67225008010864,,139.1796774449266,-43.33569593954469,1.1817025910581422,False
2025-04-14,SNDK,33.75,36.16999816894531,32.47999954223633,33.54999923706055,4102300,4.942133117425684,0.048238899083377085,10.933329264322916,5.567722004616904,44.56724996566773,,140.9960650883768,-40.535270602814144,0.9842594780831136,False
2025-04-15,SNDK,33.29999923706055,34.560001373291016,32.88999938964844,33.22999954223633,1936800,-0.9537994101375014,-0.009583772086430908,5.015021086799257,-0.7451564998065319,43.407750034332274,,140.3811433123392,-41.10244484104436,0.46834873699635826,False
2025-04-16,SNDK,32.29999923706055,33.119998931884766,30.75,32.029998779296875,2321000,-3.611197049263315,-0.03678014308106592,7.3374581667651055,-2.7986768522031524,42.19274988174438,,140.10963496906976,-43.2293516150328,0.5626127922295926,False
2025-04-17,SNDK,31.75,32.65999984741211,30.38999938964844,31.290000915527344,2057200,-2.3103274803989104,-0.023374338569609243,7.149607740987932,-0.8741766780142934,40.946749973297116,,139.7874306188171,-44.54093950547134,0.5025945724086036,False
2025-04-21,SNDK,31.06999969482422,31.06999969482422,28.940000534057617,29.809999465942383,2579400,-4.72995016388934,-0.04845469716561812,6.8554849748563935,-0.703103912643066,39.7392499923706,,139.89684554892375,-47.16412542822378,0.6607882116653687,False
2025-04-22,SNDK,30.26000022888184,31.1200008392334,29.315000534057617,29.6200008392334,2883700,-0.6373654146691776,-0.006394052601607303,5.964971221160098,1.5095631365360296,38.57074995040894,,140.08724157273573,-47.50088301928227,0.7452258845632519,False
2025-04-23,SNDK,31.98500061035156,32.77799987792969,30.200000762939453,30.36000061035156,2750200,2.498311107871376,0.024676135458247206,8.060025217432374,7.984468953780666,37.478749942779544,,141.3190189780293,-46.18929174821862,0.7137583130575831,False
2025-04-24,SNDK,30.809999465942383,32.97999954223633,30.309999465942383,32.290000915527344,2590500,6.357049625742528,0.061631640492226136,8.666017924620169,1.4822096394734308,36.46225004196167,,144.3353267078913,-42.76851832068934,0.6607525002997043,False
2025-04-25,SNDK,32.2599983215332,33.369998931884766,31.600000381469727,32.849998474121094,1322100,1.7342754497243318,0.01719408535726652,5.486666591775934,-0.09291605185342,35.46074991226196,44.04169994354248,144.73119074390326,-41.77596678441159,0.3385026614742955,False
2025-04-28,SNDK,32.630001068115234,33.0,31.65999984741211,32.27000045776367,1421000,-1.7655952611819403,-0.017813678231432206,4.106650654992735,-0.6697029413233357,34.62574987411499,43.96709995269775,143.37375980507306,-42.803967555735014,0.3761831834733541,False
2025-04-29,SNDK,31.38999938964844,33.040000915527344,31.38999938964844,32.939998626708984,1385900,2.0762260906138863,0.02054966280951742,5.256456062318459,-2.726994284574036,33.892249774932864,43.892899894714354,144.0852767865085,-41.61644860733119,0.3704584821333105,False
2025-04-30,SNDK,31.84000015258789,32.470001220703125,31.01000022888184,32.11000061035156,2322100,-2.519726930663646,-0.025520155949244838,4.5854302287200825,-3.339400485673283,33.09224977493286,43.59209987640381,143.69471634896271,-43.087554674850125,0.6190013501752029,False
2025-05-01,SNDK,32.47999954223633,34.189998626708984,32.47999954223633,32.59000015258789,1910200,1.494859959864292,0.014837970421948565,5.264775580581546,1.1522856582116825,32.33824987411499,43.32389987945557,144.19150026799494,-42.2367933175048,0.5079495081914902,False
2025-05-02,SNDK,33.11000061035156,35.40999984741211,33.04999923706055,34.400001525878906,2193700,5.5538550623396965,0.0540511112047799,7.127757676977295,1.5955828638508862,32.14525003433228,43.04669994354248,125.09752606085274,-39.028708538999304,0.6264680390496602,False
2025-05-05,SNDK,33.83000183105469,35.22999954223633,33.525001525878906,34.61000061035156,1993800,0.6104624277841308,0.006086066546077795,5.039899273053828,-1.6569757835487642,32.37025003433227,42.73149997711182,89.38595638003899,-38.65650171289514,0.6580295746966539,False
2025-05-06,SNDK,34.02000045776367,34.43000030517578,33.459999084472656,33.83000183105469,1707600,-2.25368033961717,-0.022794638364583175,2.851267512201817,-1.7047100323119513,32.487750148773195,42.43610004425049,88.82826185898212,-40.03898807342502,0.6091164137896593,False
2025-05-07,SNDK,34.0,35.560001373291016,33.37799835205078,34.970001220703125,3640000,3.3697881405432284,0.03314254906464509,6.417655944824219,0.5025071230982281,32.6187502861023,42.17230007171631,89.06026341901321,-38.01842900457358,1.3549605888867176,False
2025-05-08,SNDK,34.970001220703125,37.7599983215332,33.130001068115234,36.65999984741211,4969000,4.832709658896039,0.04719565226687816,13.239911615092806,0.0,32.622750186920165,41.97390003204346,79.14811401290899,-35.023039636342105,1.8717076083087394,False
2025-05-09,SNDK,37.959999084472656,38.790000915527344,37.27999877929688,37.7400016784668,2039200,2.945995186988326,0.02903434616556666,3.9778771671470357,3.5460972244175215,32.95600023269653,41.82550006866455,50.967956048252894,-33.10882151137743,0.7999733237612712,False
2025-05-12,SNDK,41.13999938964844,42.2400016784668,40.0,41.27000045776367,5374400,9.353467467678932,0.08941527044153252,5.4448267177914,9.00900254363679,33.42100028991699,41.713900108337405,58.045171967790395,-26.852176892697067,2.087141578365867,False
2025-05-13,SNDK,41.84999847412109,43.79999923706055,41.29999923706055,42.0,2186700,1.7688382218057352,0.017533763426954785,5.973715868940671,1.4053743879915759,33.84350032806397,41.54770008087158,56.56074681071593,-25.558310239156235,0.8820094989361594,False
2025-05-14,SNDK,42.0,43.43000030517578,41.0099983215332,41.93000030517578,1828400,-0.16666594005766422,-0.0016680498224768137,5.761909484863281,0.0,34.278500366210935,41.41250011444092,56.243274463375045,-25.68237918119096,0.7391043352244822,False
2025-05-15,SNDK,41.16999816894531,41.86299896240234,39.75,40.540000915527344,1930800,-3.3150474112371042,-0.03371240485372917,5.1323756530943445,-1.8125497989482597,34.70400047302246,41.253900108337405,55.90259089011319,-28.146043546237888,0.786702495013843,False
2025-05-16,SNDK,40.52000045776367,41.0,39.92499923706055,40.43999862670898,2132500,-0.24667559585590526,-0.002469803413621907,2.65301271173476,-0.04933511917117883,35.16150035858154,41.13270008087158,54.63715924494473,-28.32328972146625,0.8675540873697143,False
2025-05-19,SNDK,39.33000183105469,39.5,38.52999877929688,38.77999877929688,1765400,-4.104846448525179,-0.041914741856681204,2.4663136932203544,-2.7447992911680763,35.61000032424927,40.88830005645752,53.7056601685905,-31.26550861775432,0.730300824039448,False
2025-05-20,SNDK,38.77999877929688,41.11100006103516,38.45000076293945,40.18000030517578,1756400,3.6101123515927203,0.03546474864514515,6.861782830989446,0.0,36.138000297546384,40.63190006256104,53.74036642766762,-28.784116254559443,0.743923642362648,False
2025-05-21,SNDK,40.040000915527344,40.47999954223633,38.34999847412109,38.59999847412109,1816200,-3.932309156431657,-0.04011713004176176,5.319682865664561,-0.3484305340595073,36.55000019073486,40.36070003509521,57.05188344968808,-31.58454497191513,0.7847746289906862,False
2025-05-22,SNDK,38.400001525878906,39.28400039672852,37.77000045776367,37.84000015258789,1764900,-1.9689076465708388,-0.019885488724115774,3.9427080177184917,-0.5181268293994012,36.82750015258789,40.108700065612794,54.946518710038774,-32.93158209739933,0.7764577004551224,False
2025-05-23,SNDK,36.25,37.56700134277344,35.790000915527344,37.27999877929688,1232900,-1.4799190566406772,-0.01490979114291946,4.902070144127156,-4.2019031347153675,37.04900016784668,39.88550006866455,55.40842988497209,-33.92414039492731,0.5434737090350465,False
2025-05-27,SNDK,37.94499969482422,38.619998931884766,37.5,38.18000030517578,1411000,2.4141672622014942,0.023854869217473595,2.9516377411844754,1.7838007974845693,37.34450016021729,39.55270008087158,54.973202423056264,-32.32895862412344,0.6221189521418131,False
2025-05-28,SNDK,38.400001525878906,38.90999984741211,37.79999923706055,38.58000183105469,1055800,1.0476729247817174,0.010422228648141907,2.890626474594018,0.576221107764896,37.62650032043457,39.2113000869751,54.793797362473754,-31.61998744571054,0.4689214096955431,False
2025-05-29,SNDK,39.040000915527344,39.22499847412109,37.685001373291016,38.59999847412109,1501900,0.05183162809054842,0.0005181820014197314,3.9446646124886984,1.1923252012455476,37.95100021362305,38.85490009307861,53.450333772815384,-31.58454497191513,0.6794267464058555,False
2025-05-30,SNDK,38.18999862670898,38.45000076293945,36.68000030517578,37.68999862670898,5499600,-2.3575126512562106,-0.0238574660976818,4.634722496496202,-1.062175812486077,38.2060001373291,38.4821000289917,54.66054604748174,-33.19744797961673,2.3010782381663675,False
2025-06-02,SNDK,37.540000915527344,37.880001068115234,36.20700073242188,37.33000183105469,1621000,-0.9551520529883395,-0.009597428865582458,4.456580433916195,-0.3979774917671097,38.35250015258789,38.10450008392334,52.042053114437955,-33.83551392668803,0.6864644539727913,False
2025-06-03,SNDK,37.45000076293945,39.2400016784668,36.869998931884766,38.63999938964844,1294000,3.5092351844032477,0.03449065157149089,6.328445122295932,0.32145439592488056,38.55400009155274,37.79810009002686,53.15163910404672,-31.51364650182378,0.55622779548527,False
2025-06-04,SNDK,38.63999938964844,40.27000045776367,38.34999847412109,39.81999969482422,1860500,3.053831065773527,0.030081297423699027,4.968949311518232,0.0,38.85349998474121,37.534700050354004,52.729613128924356,-29.422188962881002,0.7971191458550233,False
2025-06-05,SNDK,39.375,40.45000076293945,37.33000183105469,39.119998931884766,5456000,-1.7579125271325324,-0.0177354731091115,7.923806811135912,-1.1175281221362243,39.06099987030029,37.27310001373291,52.624002093015065,-30.662885144478448,2.2500546430059014,False
2025-06-06,SNDK,39.72999954223633,40.15499877929688,38.52999877929688,39.150001525878906,10955500,0.07669374952279373,0.0007666435489501744,4.090108277681927,1.559306306254471,39.18549995422363,37.00370006561279,50.28616047847865,-30.609707911284822,4.021614041785434,False
2025-06-09,SNDK,40.27000045776367,42.23500061035156,39.54999923706055,41.81999969482422,10990300,6.819918428816396,0.06597422529111618,6.667497747130949,2.8607889865455594,39.38949985504151,36.78250003814697,54.34093544703106,-25.877346593317018,3.4651024210914616,False
2025-06-10,SNDK,41.790000915527344,42.65999984741211,40.75,41.59000015258789,4056300,-0.5499749974048784,-0.0055149292794429705,4.570470939383102,-0.07173309305544828,39.40549983978271,36.63490001678467,44.34023842069114,-26.28500265446685,1.3060382090955485,False
2025-06-11,SNDK,42.380001068115234,43.22999954223633,39.88999938964844,40.22999954223633,3891800,-3.2700182865157745,-0.03324678284064797,7.881076140653412,1.899497265277561,39.31699981689453,36.48729999542236,45.38708053222232,-28.6954965475704,1.2195947428127332,False
2025-06-12,SNDK,39.66999816894531,41.83000183105469,39.43999862670898,41.29999923706055,2052000,2.6597059582385896,0.026249506910844378,6.024712161990131,-1.3919994523069468,39.28549976348877,36.35109996795654,46.49494888032586,-26.799006420753678,0.6408014389927051,False
2025-06-13,SNDK,41.0,42.83000183105469,40.77999877929688,42.5,2755900,2.905570908249877,0.02864159443649461,5.000007443311721,-0.7263904179236502,39.383499717712404,36.24770000457764,45.89750086207201,-24.672099646765243,0.8496698777090762,False
2025-06-16,SNDK,43.369998931884766,44.84999847412109,42.560001373291016,44.209999084472656,2901800,4.023527257582726,0.039446911199177315,5.28014101274628,2.047056310317097,39.57199974060059,36.36670001983643,47.689131728098005,-21.641261043488093,0.884166778388524,False
2025-06-17,SNDK,44.22999954223633,44.55899810791016,43.53499984741211,44.09000015258789,2914900,-0.2714293923767874,-0.0027179842988744873,2.315166789726535,0.04523967016025754,39.83749980926514,36.64630001068115,44.56112787973698,-21.853949692511865,0.8728722074243098,False
2025-06-18,SNDK,45.0,47.43000030517578,44.86000061035156,46.619998931884766,3351400,5.738259856069372,0.05579660786584206,5.711110432942709,2.0639597284253908,40.15949974060059,36.94909999847412,46.84492204997924,-17.369726258613493,0.9801751002066282,False
2025-06-20,SNDK,46.97999954223633,48.209999084472656,44.7599983215332,46.58000183105469,4762700,-0.0857938690400184,-0.0008583069304317625,7.343552142519299,0.7722020990981848,40.55849990844727,37.233700065612794,43.513923378081195,-17.440617967454585,1.3353951061401763,False
2025-06-23,SNDK,46.36000061035156,48.25,45.80400085449219,46.95000076293945,1791600,0.7943300071707737,0.007911918138229002,5.276098173651995,-0.47230831269836626,41.013999938964844,37.44110004425049,42.12968956924065,-16.784824022235323,0.5021518591754967,False
2025-06-24,SNDK,47.18000030517578,48.75,46.709999084472656,47.34000015258789,1740600,0.8306696130158331,0.008272385404758165,4.323867957464913,0.4898818711370101,41.51700000762939,37.76640003204346,41.04403474537164,-16.09358084197038,0.4844109617252444,False
2025-06-25,SNDK,47.34000015258789,48.15999984741211,47.04999923706055,47.25,2357900,-0.19011439015166332,-0.001902953369319782,2.3447414591756885,0.0,41.970499992370605,38.07200004577637,41.0710796293954,-16.253099019050765,0.6476724143850903,False
2025-06-26,SNDK,49.595001220703125,49.81999969482422,47.06999969482422,47.43999862670898,3449600,0.40211349568037846,0.004013071801761914,5.5449136653151845,4.962965546461651,42.41349983215331,38.34980003356934,41.1388931411177,-15.916341427992286,0.9173821525876501,False
2025-06-27,SNDK,47.22999954223633,47.7400016784668,46.18999862670898,47.150001525878906,3624000,-0.6112923887539923,-0.006131684299822915,3.281818900658044,-0.44266250116292705,42.8409999847412,38.62820007324219,41.416176210840334,-16.43033843302887,0.9373132938647879,False
2025-06-30,SNDK,47.22999954223633,47.34000015258789,45.33000183105469,45.34999847412109,3034600,-3.817609742323902,-0.03892389852726952,4.255766125374877,0.16966704934997523,43.223999977111816,38.89460006713867,43.3501024672954,-19.620701974636667,0.810714056722734,False
2025-07-01,SNDK,45.70000076293945,45.915000915527344,44.29999923706055,44.959999084472656,2893400,-0.8599766323498015,-0.00863695769213857,3.533920462812086,0.7717801556665904,43.605499839782716,39.168000030517575,43.29602199639238,-20.3119451549016,0.7600729232886932,False
2025-07-02,SNDK,44.52000045776367,46.2400016784668,44.16999816894531,46.209999084472656,3509400,2.780249166934934,0.02742301984757134,4.649603522545571,-0.9786446522881298,43.98399982452393,39.49600002288818,42.82067429442103,-18.0964186739241,0.8958241331866416,False
2025-07-03,SNDK,46.095001220703125,47.31999969482422,45.88999938964844,46.40999984741211,1441600,0.4328084113869979,0.004318744895406734,3.102289331393944,-0.24885926433219074,44.31349983215332,39.83180000305176,42.10460648507741,-17.741933084717655,0.3699668810862901,False
2025-07-07,SNDK,47.13999938964844,47.23500061035156,45.09000015258789,45.220001220703125,2446100,-2.564099613491677,-0.025975456120675755,4.550276804277381,1.57293588587899,44.61849994659424,40.12900001525879,42.858552465917285,-19.851111860558134,0.6529776539146359,False
2025-07-08,SNDK,46.119998931884766,47.25,45.61000061035156,46.16999816894531,2347200,2.1008335307325154,0.020790703015340917,3.555939782372012,1.9902646768828358,44.96949977874756,40.40659996032715,43.04607547062661,-18.16731714401544,0.7079144241484714,False
2025-07-09,SNDK,46.119998931884766,47.09000015258789,45.98500061035156,46.20000076293945,1575100,0.06498287889107335,0.0006496177416082105,2.3959227403025674,-0.10829378177055204,45.18849983215332,40.67360000610351,37.28708205877658,-18.114139910821812,0.5536583951253033,False
2025-07-10,SNDK,47.369998931884766,47.75,46.619998931884766,46.95000076293945,1734300,1.6233765965684377,0.01610340730277926,2.385478348310939,2.5324635273249907,45.456499862670896,40.96720001220703,37.26966262353911,-16.784824022235323,0.6355552542422571,False
2025-07-11,SNDK,46.290000915527344,47.415000915527344,45.82500076293945,46.09000015258789,1242000,-1.8317371594813947,-0.0184872118612458,3.4348674036308933,-1.4057504508777074,45.74949989318848,41.23020004272461,35.532785812461185,-18.30910732294787,0.4783721481104878,False
2025-07-14,SNDK,44.630001068115234,44.84999847412109,41.459999084472656,42.47999954223633,5486900,-7.832502925580631,-0.08156264388536538,7.595786037456157,-3.167713342675438,45.80849990844727,41.43760002136231,46.59272526050378,-24.707548881810915,1.9822257545925832,False
2025-07-15,SNDK,42.79999923706055,43.45000076293945,42.51499938964844,42.720001220703125,2398200,0.5649757086936269,0.005633857068747972,2.1845826868178944,0.7532949582686577,45.81949996948242,41.64020004272461,45.512358033342885,-24.28216482251312,0.8720204060483644,False
2025-07-16,SNDK,42.7599983215332,42.959999084472656,40.29999923706055,41.36000061035156,2338400,-3.183521937008915,-0.03235297826922734,6.220766959367674,0.09362616967973914,45.67700004577637,41.77940002441406,44.43590037860671,-26.69265871561668,0.8590757881627262,False
2025-07-17,SNDK,41.400001525878906,42.2599983215332,41.040000915527344,41.52000045776367,2290100,0.3868468207228748,0.0038610049255467516,2.9468535290831954,0.09671401096964516,45.548500061035156,41.917600021362304,44.50925955854979,-26.409071596501565,0.8510994126183915,False
2025-07-18,SNDK,41.540000915527344,42.28499984741211,40.84000015258789,42.18999862670898,1678600,1.613675726296937,0.016007943703322702,3.4785740562756913,0.04817065882265492,45.327000045776366,42.08479995727539,39.49623059368915,-25.221552648097767,0.6438534548725315,False
2025-07-21,SNDK,41.72800064086914,42.27999877929688,40.54999923706055,41.61000061035156,2174200,-1.3747286921935054,-0.01384265592285594,4.145896078572102,-1.0950414811043974,45.078499984741214,42.21759994506836,39.58479924847259,-26.24955341942118,0.877510907337076,False
2025-07-22,SNDK,41.5099983215332,41.97999954223633,40.88999938964844,41.36000061035156,1846700,-0.6008171024583064,-0.006026292706013514,2.6258737573170556,-0.24033234162817996,44.79899997711182,42.31159996032715,39.25969574072793,-26.69265871561668,0.7445035064272741,False
2025-07-23,SNDK,41.060001373291016,43.650001525878906,41.060001373291016,43.0,2220800,3.9651822181984597,0.038885870736339534,6.307842342822354,-0.7253366359609381,44.581999969482425,42.41679992675781,42.16702807394119,-23.785889054374245,0.8867398296236108,False
2025-07-24,SNDK,43.08000183105469,43.5,42.02999877929688,42.060001373291016,1347100,-2.186043317927866,-0.02210291276824794,3.4122589559489094,0.186050769894619,44.32250003814697,42.43259994506836,42.58997736363507,-25.451962534019234,0.5489595197877677,False
2025-07-25,SNDK,42.47999954223633,42.60499954223633,41.5,42.47999954223633,869200,0.9985690804376057,0.009936163232387774,2.6012230558940264,0.9985690804376057,44.07450008392334,42.44219993591309,42.82257158452183,-24.707548881810915,0.3738663466522144,False
2025-07-28,SNDK,43.08000183105469,43.2400016784668,41.56999969482422,41.88999938964844,851300,-1.3888892630549043,-0.013986245769099348,3.8765132605884407,1.4124347817419336,43.811499977111815,42.44139991760254,42.92804662616005,-25.753277651282303,0.38938644077099704,False
2025-07-29,SNDK,42.2599983215332,43.18999862670898,41.67699813842773,42.93000030517578,1202600,2.4826949884948935,0.02452376895654984,3.58021899757226,0.8832631589299922,43.69050006866455,42.48919990539551,42.36132659577792,-23.90995799640896,0.574126588563299,False
2025-07-30,SNDK,42.06999969482422,43.470001220703125,42.06999969482422,43.38999938964844,1334800,1.0715096231135979,0.010658096398465489,3.327790672770424,-2.003262530254113,43.61200008392334,42.5481999206543,42.558424792122196,-23.09464587410931,0.6618635117244251,False
2025-07-31,SNDK,43.72999954223633,44.619998931884766,42.24300003051758,42.91999816894531,1849200,-1.0832017223195711,-0.010891110643159951,5.435625260117781,0.7835910517874023,43.44750003814697,42.630999908447265,41.22393208387961,-23.927685994556924,0.9562915003206255,False
2025-08-01,SNDK,42.18000030517578,42.22499847412109,40.09999847412109,41.33000183105469,1661800,-3.704558261237445,-0.037749202273535065,5.037932633061758,-1.7241330273517042,43.1935001373291,42.653999938964844,42.8134741469023,-26.745829187560055,0.8545145084407604,False
2025-08-04,SNDK,42.11000061035156,42.540000915527344,41.59999847412109,42.5099983215332,1540000,2.855060339222848,0.028150630059728954,2.232254637334733,1.8872459345278703,43.057999992370604,42.73219993591309,43.73102055056718,-24.654378409867526,0.8107716809034313,False
2025-08-05,SNDK,42.52999877929688,43.39500045776367,41.369998931884766,41.93000030517578,1422900,-1.3643802381982817,-0.01373773442576054,4.761348657420263,0.047048832165086374,42.84600009918213,42.81399993896484,42.94059416406672,-25.68237918119096,0.7678028933580112,False
2025-08-06,SNDK,42.720001220703125,43.0,41.6150016784668,42.09999847412109,1553800,0.4054332642690728,0.0040461359832888455,3.2420371768669334,1.8840947049309387,42.640999984741214,42.91039993286133,43.01479929215512,-25.381070825178153,0.8389191990907839,False
2025-08-07,SNDK,42.0,42.34999847412109,40.52999877929688,40.68999862670898,2207200,-3.349168405026992,-0.03406537618066885,4.333332606724297,-0.23752607540485915,42.327999877929685,42.96059989929199,43.488659474413446,-27.88018442527075,1.1766775598547812,False
2025-08-08,SNDK,41.40999984741211,44.84999847412109,41.0,44.34000015258789,3516500,8.970267016630086,0.08590487936596825,9.297267539984523,1.769479589587708,42.240499877929686,43.07579986572266,54.3191632916116,-21.410844396316364,1.7675162036978862,False
2025-08-11,SNDK,45.70000076293945,46.34999847412109,43.16999816894531,43.369998931884766,3095000,-2.187643701770514,-0.022119274410179468,6.958425059271782,3.0672093046264504,42.28499984741211,43.17119987487793,46.26253036926283,-23.13009510915498,1.6551510225036365,False
2025-08-12,SNDK,45.209999084472656,47.86000061035156,45.0,46.83000183105469,3204500,7.977871764774691,0.07675612907618534,6.32603554140267,4.242564440634933,42.490499877929686,43.35399993896485,53.51922332815153,-16.997512671259084,1.6775422919169631,False
2025-08-13,SNDK,47.02000045776367,48.459999084472656,46.79999923706055,47.0099983215332,2348500,0.38436148503233625,0.003836247036089979,3.5304122314997124,0.4057198788811167,42.77299976348877,43.54759986877441,51.71708435512363,-16.67848307834856,1.2291049541015522,False
2025-08-14,SNDK,46.43000030517578,47.26399993896485,46.08000183105469,46.68000030517578,3549300,-0.7019741079341113,-0.0070444953756072515,2.5500712903897553,-1.2337758712315239,43.030999755859376,43.70839988708496,51.93258633739436,-17.263378553476482,1.7982976136190911,False
2025-08-15,SNDK,43.060001373291016,46.130001068115234,42.81999969482422,44.540000915527344,7519200,-4.584403118376068,-0.04692813157157527,7.686951388125412,-7.754924824804233,43.14849987030029,43.80279991149902,55.01461143802491,-21.05635880710991,3.3186655073640723,False
2025-08-18,SNDK,44.25,45.869998931884766,44.25,45.52000045776367,2541700,2.200268347759926,0.021764117490001844,3.6610145353328036,-0.6511021768440206,43.3439998626709,43.9307999420166,55.045534916404584,-19.319386857373587,1.1127772147077302,False
2025-08-19,SNDK,46.22999954223633,46.5,44.2599983215332,44.58000183105469,2372900,-2.065023324376225,-0.020866430843216488,4.845342203432865,1.5597519273564897,43.50499992370605,44.03939994812012,55.670098796969704,-20.98546033701858,1.027044924829522,False
2025-08-20,SNDK,44.86000061035156,45.0,43.20199966430664,44.400001525878906,1526800,-0.4037691740299443,-0.004045865226358192,4.0080256603439866,0.6280815787266913,43.575,44.09099998474121,54.140961727109286,-21.304496691179352,0.6709100216854923,False
2025-08-21,SNDK,43.869998931884766,45.59999847412109,43.560001373291016,45.5,1802300,2.477473955670817,0.02447282215208446,4.65009608046149,-1.1936994949994006,43.74699993133545,44.16919998168945,53.96022344429764,-19.35483609241926,0.7841286070111705,False
2025-08-22,SNDK,46.11000061035156,47.18999862670898,45.630001068115234,46.369998931884766,2208300,1.9120855645819113,0.018940349411846302,3.383208713824063,1.3406606820913547,43.941499900817874,44.29199996948242,54.187313999507246,-17.812831554808994,0.9335723314577054,False
2025-08-25,SNDK,46.36000061035156,46.880001068115234,46.0099983215332,46.77999877929688,1318100,0.884192057054789,0.008803059692730208,1.87662367370153,-0.02156204822840735,44.18599987030029,44.40159996032715,53.76495715772109,-17.086139139498368,0.5517902518869544,False
2025-08-26,SNDK,46.75,48.209999084472656,46.75,47.34999847412109,2577800,1.218468810812512,0.012111052345074036,3.1229926940591577,-0.0641273622909111,44.40699977874756,44.49859992980957,53.362093775813854,-16.075859605072683,1.0489393822252424,False
2025-08-27,SNDK,47.400001525878906,49.08000183105469,47.400001525878906,48.43999862670898,2145100,2.3020067322359505,0.022759102927984554,3.544304327202509,0.10560306941751474,44.65949974060059,44.583199920654295,53.70705398925065,-14.143920243210296,0.8587115124026989,False
2025-08-28,SNDK,48.560001373291016,51.22999954223633,48.560001373291016,50.869998931884766,2919400,5.016516048858688,0.04894744750317592,5.498348627341402,0.24773482655688905,45.05699977874756,44.718799896240235,55.45590590137001,-9.836936223290015,1.1441650287765697,False
2025-08-29,SNDK,51.150001525878906,52.93999862670898,50.81999969482422,52.470001220703125,4228000,3.1452768280195498,0.03096826312568668,4.144670319925921,0.5504277567787375,45.61399974822998,44.8357999420166,53.17291987129191,-7.001058270888683,1.5776914135600115,False
2025-09-02,SNDK,51.0099983215332,51.70000076293945,50.06999969482422,51.06999969482422,2023400,-2.668194193459461,-0.02704436627948681,3.195454071260282,-2.7825478658343283,46.04199981689453,44.925599899291996,54.53224845318939,-9.482450634083573,0.7482891308729361,False
2025-09-03,SNDK,51.91999816894531,53.22499847412109,50.650001525878906,53.0099983215332,1689700,3.7987049898212444,0.03728330865258789,4.959547455805483,1.6643792426089155,46.5959997177124,45.04679985046387,54.696344244946104,-6.043955969656589,0.6218133308799852,False
2025-09-04,SNDK,55.66999816894531,62.650001525878906,55.54999923706055,62.5,10189000,17.90228632135584,0.16468601340585254,12.753731852606725,5.017921017989524,47.61599979400635,45.34999984741211,76.91538066860973,0.0,3.235491650881909,False
2025-09-05,SNDK,65.5199966430664,68.66999816894531,63.7400016784668,68.55000305175781,9050000,9.68000488281251,0.09239689378467997,7.52441505352279,4.831994628906244,49.00900001525879,45.77599990844727,78.26607519652906,0.0,2.5921762106966653,False
2025-09-08,SNDK,68.6500015258789,71.0,67.86000061035156,70.49500274658203,5869100,2.837344432144917,0.02797837375166079,4.573924719382207,0.14587668806607113,50.3167501449585,46.237099990844726,75.02732371914989,0.0,1.6262827644396292,False
2025-09-09,SNDK,70.26000213623047,71.4000015258789,69.56999969482422,70.51000213623047,3364300,0.02127723819282945,0.00021274974909601951,2.6046139701311275,-0.33335782849225337,51.67375030517578,46.704300003051756,73.64492550477519,0.0,0.9287565875379931,False
2025-09-10,SNDK,72.41999816894531,74.48999786376953,72.02999877929688,73.91999816894531,4053000,4.836187674659942,0.04722882853487409,3.3968505201199215,2.7088299175265895,53.02825012207031,47.27569999694824,71.57207188856603,0.0,1.1059281624210904,False
2025-09-11,SNDK,82.30000305175781,85.88999938964844,81.37999725341797,84.30000305175781,10167400,14.042214745580539,0.13139849864630282,5.479953789788032,11.336586972932361,54.892750358581544,48.062500076293944,80.81079892234322,0.0,2.506916123814643,False
2025-09-12,SNDK,85.30999755859375,86.95999908447266,82.27999877929688,86.12999725341797,5641700,2.170811548531737,0.021475849703315397,5.485875558678104,1.1980954570260494,56.865250205993654,48.86090003967285,79.74122356782863,0.0,1.3560605332230864,False
2025-09-15,SNDK,85.30000305175781,92.05500030517578,85.12000274658203,90.08999633789062,8981300,4.597700233080526,0.04495137910160807,8.130125803613131,-0.9636528829997326,59.14274997711182,49.73449996948242,74.37835566265002,0.0,2.1215009454430356,False
2025-09-16,SNDK,90.30999755859376,93.12999725341795,89.55999755859375,91.5500030517578,6292100,1.6206091388785149,0.016076174440954993,3.9530503724219055,0.24420160910874067,61.44425010681152,50.66110000610352,74.54206938153493,0.0,1.4232348673429112,False
2025-09-17,SNDK,90.7750015258789,94.80999755859376,90.22000122070312,93.97000122070312,7031000,2.6433621936387874,0.026090290930474325,5.056454156689917,-0.8465335882520297,63.913750076293944,51.61710006713867,71.6886636799933,0.0,1.5107791546426752,False
2025-09-18,SNDK,97.3000030517578,102.93000030517578,96.85800170898438,98.87000274658205,9441900,5.214431693334243,0.05083028830344993,6.240491681137425,3.543686057036055,66.6372501373291,52.670500106811524,70.12181729972214,0.0,1.8698146107300613,False
2025-09-19,SNDK,98.0,102.98999786376952,96.70999908447266,102.20999908447266,6459900,3.3781695611473816,0.03322362769489562,6.408162019690675,-0.8799461134961106,69.47275009155274,53.775700073242184,69.93289256084644,0.0,1.222881103260278,False
2025-09-22,SNDK,105.76000213623048,108.8000030517578,101.58999633789062,102.91999816894533,7692200,0.6946473836536127,0.006922458238826756,6.817328449539831,3.4732443826986925,72.30025005340576,54.91230003356934,70.55089552276809,0.0,1.384305849493946,False
2025-09-23,SNDK,105.0,110.20999908447266,104.6999969482422,106.4000015258789,7835000,3.381270325346364,0.03325362162601575,5.247621082124242,2.020988989564798,75.28125019073487,56.19070007324219,69.65122467961034,0.0,1.3319019849334433,False
2025-09-24,SNDK,103.55500030517578,107.72000122070312,96.63099670410156,99.83000183105467,12409300,-6.174811654703083,-0.06373683355844939,10.708323580630923,-2.6738732893825667,77.90525035858154,57.33290008544922,78.48028133461953,-6.174811654703083,1.946819492511931,False
2025-09-25,SNDK,96.26499938964844,100.4499969482422,93.53500366210938,94.29000091552734,10569300,-5.5494348531645254,-0.057093608502778004,7.183289180882091,-3.5710732004587076,80.19775047302247,58.391500091552736,85.26716341547356,-11.381579357784254,1.5553724237897975,False
2025-09-26,SNDK,96.0,99.64600372314452,94.38999938964844,97.12000274658205,6418000,3.0013806380064123,0.029572206404197665,5.475004514058416,1.813552940788088,82.51025066375732,59.5035001373291,85.07280156334024,-8.72180323892171,0.9207664541453141,False
2025-09-29,SNDK,104.25,114.0,103.3479995727539,113.5,12435400,16.865729808676733,0.15585548132997662,10.2177462131857,7.341430242771363,85.56175060272217,60.92970016479492,95.69402463047932,0.0,1.6848651541530895,False
2025-09-30,SNDK,114.0999984741211,120.73999786376952,112.11000061035156,112.1999969482422,11414800,-1.1453771381126021,-0.011519871032128925,7.56353844770236,0.5286330168467801,88.61825046539306,62.34150009155273,94.43238542090798,-1.1453771381126021,1.4540738985659,False
2025-10-01,SNDK,113.05999755859376,123.8499984741211,112.0,121.12000274658205,12237400,7.950094510657291,0.07649884647634586,10.481159322491393,0.7664889783805195,92.02375068664551,63.936700134277345,95.33993055113703,0.0,1.4607277378200572,False
2025-10-02,SNDK,128.69000244140625,132.2899932861328,123.26000213623048,124.13999938964844,9453400,2.493392152066809,0.024628143703193217,7.016855216871853,6.2499996063101415,95.10575065612792,65.55950012207032,83.53348492241862,0.0,1.1333890832141904,False
2025-10-03,SNDK,128.2899932861328,137.0500030517578,126.6999969482422,128.41000366210938,10193700,3.4396683530328653,0.0338183422931948,8.067664389405163,3.3429949386889035,98.0987506866455,67.28650016784668,80.66996005986037,0.0,1.2138232747996252,False
2025-10-06,SNDK,133.60000610351562,134.7899932861328,119.29000091552734,121.16999816894533,9963900,-5.638194289141973,-0.05803379523008356,11.601790166533227,4.041743083399418,100.63250045776367,68.86030014038086,86.70344402391407,-5.638194289141973,1.1582226613582867,False
2025-10-07,SNDK,125.1999969482422,125.1999969482422,115.68000030517578,120.9499969482422,6594600,-0.1815641033487303,-0.0018172913075078512,7.603831369901708,3.325904795077994,103.15450019836426,70.44150009155274,86.78983673808062,-5.809521455584566,0.7524418761869934,False
2025-10-08,SNDK,121.5,132.27999877929688,120.1999969482422,131.8800048828125,7173400,9.036798851055394,0.08651524340372152,9.942388338316603,0.45473589552313953,106.05250053405761,72.22050018310547,89.09519099136382,0.0,0.8041671314313388,False
2025-10-09,SNDK,127.0,131.60499572753906,126.12000274658205,129.67999267578125,3561500,-1.6681923912470031,-0.01682263427994357,4.318892110989777,-3.7003372021018888,108.32150001525879,73.94630004882812,81.71843193542038,-1.6681923912470031,0.4146104943079096,False
2025-10-10,SNDK,131.4600067138672,132.0,116.16999816894533,116.91000366210938,7860200,-9.847308555606338,-0.10366538160534589,12.041686461731201,1.372620403007141,109.86050033569336,75.42610015869141,93.02175488720553,-11.351228894786091,0.9033762541066084,False
2025-10-13,SNDK,129.74000549316406,135.91000366210938,124.0479965209961,134.61000061035156,8297300,15.139848082973572,0.14097727384732028,9.142906304053058,10.974254921876202,112.08650054931641,77.29170013427735,102.8141556299891,0.0,0.9573754300216403,False
2025-10-14,SNDK,123.58999633789062,130.47999572753906,120.95999908447266,127.29000091552734,7078600,-5.437931551618547,-0.05591375811542765,7.702886095278356,-8.18661631564802,113.87350044250488,78.98730018615723,106.30232325936795,-5.437931551618547,0.8130677093144529,False
2025-10-15,SNDK,134.75,144.5500030517578,130.5,144.3000030517578,8971100,13.363188006824434,0.12542653185373176,10.426718405757189,5.860632438382396,116.39000053405762,81.03470024108887,113.12280535938639,0.0,1.0190905533255823,False
2025-10-16,SNDK,146.0,149.08999633789062,141.6999969482422,144.27000427246094,6289600,-0.020789174402247035,-0.000207913356506495,5.0616434175674225,1.1780990383156276,118.66000061035156,83.07810035705566,112.81473619907511,-0.020789174402247035,0.7275057458102142,False
2025-10-17,SNDK,139.22000122070312,150.82000732421875,136.2899932861328,140.16000366210938,8279800,-2.8488254582634043,-0.028901920255876234,10.436728854104627,-3.500383241287386,120.5575008392334,85.06750045776367,113.91806710973566,-2.8690223853727104,0.9477331975035556,False
2025-10-20,SNDK,145.97999572753906,152.6300048828125,145.5,148.0399932861328,6626100,5.622138568874546,0.054697808850098895,4.884234204335867,4.152391490699614,122.81350059509278,87.14150032043457,114.68464903184442,0.0,0.7631012815669943,False
2025-10-21,SNDK,145.8000030517578,150.16000366210938,142.75999450683594,149.2899932861328,4177900,0.8443664257563155,0.008408215927271812,5.075451989288707,-1.5130980383426085,124.95800018310547,89.25990020751954,114.59049313068641,0.0,0.49150232375108305,False
2025-10-22,SNDK,149.10000610351562,157.39999389648438,144.82000732421875,146.9499969482422,7516800,-1.5674167346271695,-0.01579830599591059,8.437281057877168,-0.1272604937780697,127.31399993896484,91.26230010986328,111.33149703922338,-1.5674167346271695,0.9105048185240635,False
2025-10-23,SNDK,146.9949951171875,167.9499969482422,146.0,167.0500030517578,9011400,13.678126247661737,0.12820081497368996,14.93247911654624,0.030621415365628124,130.95200004577637,93.66310020446777,113.86120696888185,0.0,1.1019419167508893,False
2025-10-24,SNDK,174.39999389648438,187.3600006103516,173.5,186.16000366210932,10653100,11.439688872337573,0.10831335159457911,7.947248334525881,4.399874714428642,135.40400009155275,96.45270027160645,117.32854643165444,0.0,1.2698134572978128,False
2025-10-27,SNDK,191.5,191.8500061035156,173.72000122070312,176.49000549316406,11235500,-5.194455295830802,-0.05334228999689383,9.46736547405351,2.868498191256519,138.55350036621093,99.09170036315918,111.52015355500838,-5.194455295830802,1.3488796753228434,False
2025-10-28,SNDK,175.49000549316406,178.82000732421875,164.55999755859375,175.52999877929688,9140800,-0.5439439537579749,-0.005454287155110649,8.125824445415768,-0.5666043225539652,141.72000045776366,101.69190032958984,111.29838327264154,-5.710144324076449,1.1125872632079268,False
2025-10-29,SNDK,186.6699981689453,205.63999938964844,181.509994506836,204.3600006103516,9365000,16.424543970574625,0.152073185935377,12.926557625491391,6.34649317331526,145.88200035095215,104.88750030517578,119.13007659189176,0.0,1.1601567605301415,False
2025-10-30,SNDK,192.0200042724609,204.9199981689453,191.08999633789065,195.82000732421875,7341500,-4.178896682632061,-0.04268724012050917,7.202375545951453,-6.038361861927699,149.46600074768065,107.91590042114258,121.61493249136224,-4.178896682632061,0.9215360649914204,False
2025-10-31,SNDK,203.5,209.7700042724609,189.5800018310547,199.3300018310547,6920700,1.7924595932756082,0.017765844591983715,9.921377121084138,3.921965268372962,153.01200065612792,110.99250045776367,121.55532340417427,-2.4613421238373734,0.886934924528447,False
2025-11-03,SNDK,210.8500061035156,213.3999938964844,189.1000061035156,207.009994506836,10626000,3.8529035294398994,0.03780532282079818,11.524774526702583,5.77936294919863,157.30400047302246,114.2053003692627,117.89273318378139,0.0,1.3560412172211875,False
2025-11-04,SNDK,188.134994506836,202.97999572753903,185.0,194.57000732421875,9800800,-6.009365495735253,-0.06197504161513123,9.55696507960709,-9.117917250790853,160.9850009918213,117.16110054016113,121.7004852274368,-6.009365495735253,1.2256584406270108,False
2025-11-05,SNDK,201.8800048828125,218.94000244140625,201.8699951171875,216.5,10336300,11.271003674907899,0.10679851431615628,8.45552155307682,3.757001224969292,165.21600074768065,120.54410057067871,123.290051110924,0.0,1.2675577901772028,False
2025-11-06,SNDK,212.0,226.5,205.17999267578125,207.69000244140625,10402700,-4.0692829369948,-0.04154395232945074,10.05660722840507,-2.0785219399538146,169.11650123596192,123.72910064697265,124.70079660235139,-4.0692829369948,1.224342557458548,False
2025-11-07,SNDK,208.4199981689453,240.0,203.3999938964844,239.47999572753903,20552100,15.306462955577938,0.1424232931034819,17.560697833730725,0.35148332560928086,175.2450008392334,127.50130058288575,121.96917630119131,0.0,2.2507667430900034,False
2025-11-10,SNDK,247.0,270.9100036621094,247.0,267.95001220703125,15276400,11.88826498555775,0.11233055328140651,9.680163425955213,3.1401388035001476,181.9120014190674,131.8109008026123,119.08421850324613,0.0,1.6114159012922846,False
2025-11-11,SNDK,262.2900085449219,275.8699951171875,255.8699951171875,271.5799865722656,12180900,1.3547207314287046,0.013456264329649414,7.6251474888242425,-2.1123356612263167,189.1265007019043,136.22110054016113,114.56487887019149,0.0,1.2512191551813132,False
2025-11-12,SNDK,271.5799865722656,284.760009765625,267.04998779296875,283.1000061035156,13730300,4.241851425301779,0.04154350784979677,6.521107168529788,0.0,196.06650085449218,140.82290069580077,109.83577979070101,0.0,1.3767216791827286,False
2025-11-13,SNDK,268.0,271.8399963378906,234.1300048828125,243.57000732421875,23274900,-13.96326313212537,-0.15039580806468145,14.070892333984375,-5.333806350394177,201.03150100708007,144.44430084228514,127.50170842148604,-13.96326313212537,2.150612846444197,False
2025-11-14,SNDK,236.0,270.489013671875,235.0500030517578,254.16000366210932,19464400,4.347824452702054,0.042559598757191175,15.016529923778469,-3.1079390304990295,206.73150100708008,148.15650085449218,125.92015511584857,-10.222536848276997,1.7101517526410863,False
2025-11-17,SNDK,253.3999938964844,282.79998779296875,253.0,265.8800048828125,14211500,4.611268906135302,0.04508109316816622,11.760058607239843,-0.29902807470655324,212.62350158691407,152.0642008972168,125.71364326257807,-6.082656605244519,1.2083632699739393,False
2025-11-18,SNDK,257.1499938964844,260.6319885253906,229.1100006103516,244.92999267578125,16433900,-7.879498955276853,-0.08207267200650836,12.258210640956966,-3.2834402083661396,217.40550155639647,155.55260070800782,131.66761091476727,-13.48287269685805,1.3281260733407414,False
2025-11-19,SNDK,251.1100006103516,256.9800109863281,233.78500366210932,245.9600067138672,12005800,0.4205340582561501,0.00419652285025407,9.236990668567833,2.523173200250306,222.35600204467772,158.99340087890624,131.04063573048182,-13.119038710323515,0.9529774094711942,False
2025-11-20,SNDK,252.1699981689453,254.6000061035156,192.6199951171875,195.9600067138672,26590900,-20.32850814570294,-0.22725835735005973,24.578661790211697,2.5247972375860295,223.8015022277832,161.22660095214843,153.07564538353896,-30.78064200316042,1.9730321821895167,False
2025-11-21,SNDK,205.3699951171875,205.5,183.0,200.2700042724609,20061000,2.1994271335614934,0.021755886419046355,10.955836069023194,4.801994325842407,224.5070022583008,163.5094010925293,148.56811621306832,-29.258212661700856,1.4383150613332645,False
2025-11-24,SNDK,206.0500030517578,228.17999267578125,205.1300048828125,226.9600067138672,13798900,13.327009473218654,0.1251073426314795,11.18659910292688,2.886103088824732,227.03050231933594,166.24680130004882,152.92785227818337,-19.83044796160154,0.9803321175298777,False
2025-11-25,SNDK,228.3999938964844,229.06900024414065,209.0,220.5,14680600,-2.846319405520392,-0.02887612519541527,8.786777924887485,0.6344673687081137,229.27900238037108,168.82580123901369,153.5189481564138,-22.112329478589242,1.022843737741879,False
2025-11-26,SNDK,226.0,228.0,205.3999938964844,215.0399932861328,43000900,-2.4761935210282027,-0.02507366877359729,10.000002700670619,2.4943310657596474,229.81300201416016,171.24720108032227,144.60972463956512,-24.040978929720204,2.6817694942631602,False
2025-11-28,SNDK,225.25,237.7700042724609,211.72999572753903,223.27999877929688,13367500,3.83184791221598,0.03760255764762288,11.560492139809933,4.747957139433923,231.18600158691407,173.73540100097657,144.0861858828429,-21.130344766698993,0.8182935358330541,False
2025-12-01,SNDK,211.83999633789065,215.3000030517578,205.2400054931641,210.1699981689453,10280900,-5.871551720720969,-0.06050986543386028,4.748865999104224,-5.123612730181981,231.7280014038086,175.89460098266602,145.94587823731015,-25.76121736567658,0.6229400621128361,False
2025-12-02,SNDK,211.75,217.0,192.8000030517578,205.3500061035156,11095800,-2.293377792940343,-0.023200848201997637,11.428569987363488,0.7517732525194276,231.64500198364257,177.94320114135743,145.60287128286288,-27.4637931203614,0.6713609129124042,False
2025-12-03,SNDK,196.69500732421875,199.17999267578125,187.6999969482422,194.3800048828125,9868200,-5.342099291281832,-0.05490083892981179,5.836444902038726,-4.214754576113289,231.63550186157227,179.70280120849608,145.2272680707983,-31.33874931400129,0.5969621966892499,False
2025-12-04,SNDK,192.3249969482422,214.9900054931641,189.67999267578125,213.3099975585937,12166500,9.738652227729737,0.0929314640631258,13.160022471854857,-1.0572115870710275,231.47600173950195,181.97240112304686,143.95193417347974,-24.65206889448218,0.7319426032827775,False
2025-12-05,SNDK,212.3999938964844,229.4499969482422,211.25,228.47000122070312,8451300,7.107029129258313,0.06865842077095596,8.568737039188507,-0.4266108820611292,232.5150016784668,184.65600112915038,145.11937107973625,-19.297069482519547,0.5114364099418838,False
2025-12-08,SNDK,235.66000366210932,238.8600006103516,215.6000061035156,225.47000122070312,8710000,-1.3130826734237155,-0.013217798216879295,9.870149429423886,3.1470225425615617,231.814501953125,187.2230010986328,135.7521852009005,-20.35676568008976,0.5466802824159126,False
2025-12-09,SNDK,222.2700042724609,224.3300018310547,213.5,219.4600067138672,6299000,-2.665540637023822,-0.027017103657136943,4.872453152868597,-1.4192561897003242,229.3900016784668,189.34220123291016,128.88644877991504,-22.479688455527068,0.4068159595341153,False
2025-12-10,SNDK,218.0,234.1699981689453,215.1999969482422,232.8600006103516,6090400,6.10589332294853,0.05926740307465739,8.701835422340883,-0.6652723362807311,227.4540023803711,191.75540130615235,130.9998627375705,-17.746380929004204,0.40123498473397856,False
2025-12-11,SNDK,230.0,244.19000244140625,217.6699981689453,241.6100006103516,7622500,3.7576225960084475,0.03688744122877008,11.530436640200408,-1.2282060477777246,225.3795021057129,194.16520126342775,130.77800629015135,-14.655600352757748,0.5124802126162578,False
2025-12-12,SNDK,232.1100006103516,236.0,204.8000030517578,206.17999267578125,12083200,-14.66413138738777,-0.15857532031393173,13.44190119607054,-3.931956448822993,223.510001373291,195.8060011291504,131.9865212226067,-27.17061524880665,0.8441431421753005,False
2025-12-15,SNDK,214.44500732421875,217.0,200.3419952392578,201.8699951171875,6265000,-2.09040533111825,-0.021125636464387476,7.767961105085091,4.008640480181924,220.89550094604493,197.27520095825196,130.6588373075996,-28.693044590266215,0.45883351557287544,False
2025-12-16,SNDK,201.1300048828125,210.5,199.5,209.3099975585937,6638400,3.6855414976788348,0.036192493274755044,5.4690994545588065,-0.36656771797385357,218.06700057983397,199.03800094604492,130.18540108433365,-26.064997157909133,0.5000476440309185,False
2025-12-17,SNDK,215.9900054931641,221.9900054931641,205.5200042724609,206.8300018310547,8232300,-1.1848434171639388,-0.011919186291008188,7.62535339683782,3.191442364190178,216.16200103759766,200.75560104370118,127.52897564334395,-26.94101117206362,0.6398763199591464,False
2025-12-18,SNDK,222.7350006103516,231.0,214.0,219.4600067138672,9924100,6.106466552724332,0.059272805491144887,7.632388243165914,7.689889589755272,214.83700103759764,202.50720108032226,129.73305129554637,-22.479688455527068,0.7776672880733024,False
2025-12-19,SNDK,222.2899932861328,243.7100067138672,221.0,237.6100006103516,10925000,8.270296792685539,0.07946066255831141,10.21638733176565,1.2895226855412334,216.91950073242188,204.66580123901366,103.23778512777928,-16.068528616184697,0.9120831185311497,False
2025-12-22,SNDK,249.6450042724609,252.0,226.6000061035156,241.0500030517578,8663400,1.4477515393164664,0.014373716798266933,10.174445096751473,5.065024044103716,218.95850067138673,207.14860122680665,103.15606361837501,-14.85340944725455,0.7594014653501276,False
2025-12-23,SNDK,238.4199981689453,245.5,234.0,244.8999938964844,5305700,1.5971751902031484,0.015845545523740512,4.8234208909988565,-1.0910619578991643,219.8555000305176,209.3544010925293,93.74412241277274,-13.493469227642251,0.48305941575276085,False
2025-12-24,SNDK,244.8999938964844,261.3699951171875,244.5,250.0800018310547,5642600,2.1151523330620314,0.02093093495940135,6.888524106831214,0.0,221.33450012207032,211.81020111083984,93.10621677421116,-11.663724323759695,0.5357762588619905,False
2025-12-26,SNDK,259.5950012207031,261.5,245.1000061035156,250.0500030517578,5553700,-0.011995673015530173,-0.00011996392553914603,6.317530699499647,3.8047821976890495,223.08500061035156,213.92520111083985,92.40991935945166,-11.674320854543907,0.6413585432960611,False
2025-12-29,SNDK,241.55499267578125,250.0,236.009994506836,244.25,5706200,-2.319537284931472,-0.023468619146610692,5.791644104802918,-3.3973246439905735,224.1335006713867,215.92480102539062,92.31767118931666,-13.723067914491704,0.6894701801911745,False
2025-12-30,SNDK,245.8699951171875,247.47999572753903,236.5200042724609,240.22000122070312,6617000,-1.649948323151229,-0.01663711571494364,4.457636829518108,0.6632528627175116,225.6360008239746,217.9260009765625,89.49101885046487,-15.146592708702878,0.8176186501569563,False
2025-12-31,SNDK,241.4149932861328,241.8999938964844,235.2400054931641,237.3800048828125,4180400,-1.1822480740400043,-0.011892922009986151,2.758730231567134,0.4974573554896278,227.23750076293945,219.7128012084961,89.0792811168121,-16.14977048216155,0.5395982700947239,False
2026-01-02,SNDK,244.3500061035156,275.79998779296875,244.0,275.239990234375,11104300,15.94910463088619,0.14798115565591718,13.014113770677424,2.936220859943095,231.28050003051757,222.23180114746094,98.8776142602654,-2.77640964312329,1.4219783456374335,False
2026-01-05,SNDK,284.2200012207031,285.0,266.3299865722656,274.0799865722656,9812600,-0.42145171605389997,-0.004223423270096838,6.568859808439975,3.2626112864927004,234.31899948120116,224.77440093994142,94.9700844431679,-3.1861601330915645,1.2757960073355086,False
2026-01-06,SNDK,288.7449951171875,352.0,288.5,349.6300048828125,24249700,27.564952572933255,0.2434554808385636,21.9917231722851,5.350630933811429,240.37699966430665,228.4260009765625,124.38436775783663,0.0,2.859204541769958,False
2026-01-07,SNDK,340.8800048828125,354.9349975585937,331.2300109863281,353.5599975585937,14886100,1.1240433088969048,0.011177728865189529,6.954056041044371,-2.502645619025967,246.78149948120117,231.7740008544922,123.78714530636499,0.0,1.693511321853726,False
2026-01-08,SNDK,360.7300109863281,360.9750061035156,310.7799987792969,334.5400085449219,21404400,-5.379564754216782,-0.055296715861371304,13.91484096013325,2.0279481494639873,252.5354995727539,234.93500091552735,125.67986474617815,-5.379564754216782,2.242390273798237,False
2026-01-09,SNDK,341.6000061035156,384.0,334.5400085449219,377.4100036621094,19353200,12.814609320915027,0.1205756599458292,14.478919956485651,2.110359711324561,259.7629997253418,238.9726010131836,129.96180530359268,0.0,1.8957945788260555,False
2026-01-12,SNDK,373.9700012207031,395.1600036621094,373.9700012207031,389.2699890136719,14603900,3.1424671409029825,0.03094102265989207,5.666230545829451,-0.9114762216228978,267.1459991455078,242.67080078125,129.90160229011764,0.0,1.3832646937360527,False
2026-01-13,SNDK,393.2000122070313,398.0,379.4100036621094,389.80999755859375,10818600,0.13872339511455944,0.0013862726310760465,4.727872777405319,1.0095880248352174,276.32749938964844,246.5506005859375,111.16623348550223,0.0,1.030899542896021,False
2026-01-14,SNDK,390.0,401.2000122070313,377.0,387.80999755859375,10862500,-0.5130704734424785,-0.005143911994363037,6.205131335136232,0.04874232128375677,285.62449951171874,250.32020050048828,110.29755203199294,-0.5130704734424785,1.0128955945918603,False
2026-01-15,SNDK,398.8299865722656,423.3500061035156,398.614990234375,409.239990234375,14146600,5.525900005335327,0.053786234479308526,6.201894717527411,2.841594874564035,295.6209991455078,254.36480041503907,110.5491293266857,0.0,1.2745126745387114,False
2026-01-16,SNDK,425.5899963378906,432.0199890136719,399.7000122070313,413.6199951171875,15703000,1.0702778289834347,0.010645908971554263,7.5941580123468455,3.995212221110611,305.96049880981445,258.74580017089846,109.60500335215104,0.0,1.3686738166937589,False
2026-01-20,SNDK,412.1650085449219,457.3699951171875,412.1650085449219,453.1199951171875,17872400,9.549828457593978,0.09120931416985734,10.967691491292312,-0.3517689157782167,317.6434982299805,263.4782000732422,111.13209233380867,0.0,1.5056065149384212,False
2026-01-21,SNDK,463.0499877929688,501.9500122070313,448.5299987792969,501.2900085449219,21365000,10.630741072301708,0.10102781269218752,11.536554332362643,2.1914708648452352,330.827498626709,269.3502001953125,112.49960214036972,0.0,1.724017586351171,False
2026-01-22,SNDK,501.2900085449219,509.4989929199219,467.55999755859375,503.4400024414063,20607500,0.4288922300137443,0.004279751086619932,8.366214096918284,0.0,343.9469985961914,274.6294003295898,112.82933575485632,0.0,1.5864407145007187,False
2026-01-23,SNDK,503.4400024414063,506.2999877929688,463.010009765625,473.8299865722656,21061100,-5.881538162551337,-0.0606159648310145,8.59883557472813,0.0,355.3934982299805,278.7469998168945,117.8667655473871,-5.881538162551337,1.5286546074262894,False
2026-01-26,SNDK,476.4849853515625,494.7000122070313,454.3299865722656,470.7999877929688,13435200,-0.6394696125536781,-0.006415229779264564,8.472465424063607,0.5603273018880417,366.4294975280762,282.7313998413086,118.63535090361299,-6.483397125804746,0.9483333650969107,False
2026-01-27,SNDK,481.0050048828125,503.0,471.1499938964844,481.4299926757813,14015600,2.2578600591397935,0.022327476974428606,6.621553992203316,2.1675907719715726,377.99849700927734,286.69799957275393,118.10489491740124,-4.371923100843911,0.9606131211461889,False
2026-01-28,SNDK,500.1000061035156,531.4630126953125,499.1499938964844,527.6300048828125,16486300,9.59641337471564,0.09163446330710823,6.461311418608473,3.878032883652849,392.167497253418,292.37919952392576,117.90441605131178,0.0,1.0896956693878819,False
2026-01-29,SNDK,535.8499755859375,546.75,507.239990234375,539.2999877929688,23010300,2.211773932899841,0.021876689968841845,7.373334247598288,1.5579043320234742,407.1214965820312,298.08199920654295,116.29681047846414,0.0,1.4427483715997338,False
2026-01-30,SNDK,651.22998046875,676.6900024414062,533.0,576.25,40932100,6.85147655171392,0.06626961460263203,22.064402246650154,20.754681106862915,424.06499633789065,304.2893991088867,114.93373956515005,0.0,2.3012989612358123,False
2026-02-02,SNDK,588.8099975585938,674.0,584.0999755859375,665.239990234375,28765800,15.442948413774404,0.1436062688112285,15.268087292474403,2.179609120797177,443.56499633789065,312.6955990600586,114.41986501709265,0.0,1.5407832896214406,False
2026-02-03,SNDK,694.0599975585938,725.0,646.2000122070312,695.510009765625,31213200,4.550240511035031,0.04449754032422071,11.353483570606778,4.332272224654599,464.6364974975586,321.68659912109376,112.98736142689575,0.0,1.5812458443359487,False
2026-02-04,SNDK,654.0,662.7899780273438,582.0,584.5499877929688,29007600,-15.953763485021287,-0.17380310387626352,12.353207649440941,-5.968283587983613,476.3824966430664,329.4583987426758,113.62408459698332,-15.953763485021287,1.4520120615571903,False
2026-02-05,SNDK,563.75,619.4099731445312,562.0999755859375,576.2000122070312,27725500,-1.428445087727015,-0.014387455734209631,10.165853225471174,-3.558290689817878,487.5144973754883,336.9769989013672,114.41702264516809,-17.154317821938925,1.3446258855092925,False
2026-02-06,SNDK,614.5,615.3599853515625,575.5,597.9500122070312,21327300,3.7747309162126763,0.03705231499378492,6.4865720669751825,6.646995310928139,500.68499755859375,344.3967990112305,110.512534321397,-14.027116244016359,1.0345206441615793,False
2026-02-09,SNDK,592.1649780273438,603.97998046875,551.510009765625,583.4000244140625,15290700,-2.433311731070098,-0.02463405954810316,8.860701434575915,-0.9674778930658379,510.98449859619143,351.65479949951174,106.50775181735538,-16.119104509989967,0.7490847524385781,False
2026-02-10,SNDK,573.8800048828125,582.280029296875,540.1400146484375,541.6400146484375,15904000,-7.158040455614767,-0.07427149812229228,7.343001026328244,-1.6318167865713495,518.6029998779297,358.1867999267578,111.72700107161447,-22.123332943696827,0.7766567378903153,False
2026-02-11,SNDK,578.5,612.7999877929688,575.0,599.3400268554688,20472700,10.652834105043475,0.101227493421292,6.534137907168323,6.805255216508921,529.0795013427735,365.70800048828124,115.4911894725087,-13.827260795651796,0.9767407021491187,False
2026-02-12,SNDK,640.5499877929688,668.0,615.6199951171875,630.2899780273438,23321100,5.16400537008328,0.05035090149061361,8.177348510034188,6.875889994151496,541.203500366211,374.1104000854492,115.47255567509609,-9.377295915591388,1.080523463905871,False
2026-02-13,SNDK,610.5250244140625,661.5,586.3699951171875,626.5599975585938,23640400,-0.5917880021548139,-0.005935460065562559,12.305802690875254,-3.1358508468024238,552.0695007324218,382.53459991455077,115.39465854911899,-9.913590205591182,1.0717459189113712,False
2026-02-17,SNDK,612.0,628.6500244140625,588.9450073242188,590.5900268554688,19143200,-5.740866133057143,-0.059122453300448186,6.487747890497345,-2.3237994151122265,560.918002319336,390.4588003540039,118.85440652871901,-15.085330395965467,0.8611484108079902,False
2026-02-18,SNDK,582.489990234375,616.97998046875,574.5,600.4000244140625,25097600,1.6610503246771602,0.01647405771718269,7.2928258306477405,-1.3715159844844504,568.2820037841797,398.20060089111325,115.65031051862691,-13.674855000809105,1.110950280884826,False
2026-02-19,SNDK,597.3300170898438,634.47998046875,590.0999755859375,621.0900268554688,19601600,3.446036242519779,0.03387990178568234,7.429729565413311,-0.5113269819092325,574.272004699707,406.0530014038086,111.32952123380568,-10.70005921772923,0.8710684026176135,False
2026-02-20,SNDK,616.0,650.2899780273438,615.6500244140625,649.969970703125,17001000,4.649880468033474,0.045450120696227,5.623369093065138,-0.8195312491554807,581.598503112793,414.54300079345705,111.97123627688043,-6.547718713328976,0.7616043192072255,False
2026-02-23,SNDK,659.5900268554688,691.5399780273438,644.3800048828125,666.489990234375,18569400,2.541658888237408,0.025098958198737087,7.1498917849564565,1.4800770167792354,591.2315032958984,423.48360046386716,108.60312266357035,-4.172480499745679,0.8365336924042359,False
2026-02-24,SNDK,682.5,684.0900268554688,612.9199829101562,638.52001953125,30408300,-4.196607768001015,-0.04287209211835652,10.427845266712454,2.402138066618975,599.6175048828125,431.5968008422852,110.40432458215652,-8.19398562697604,1.3194218604541175,False
2026-02-25,SNDK,644.2999877929688,661.2000122070312,624.4299926757812,632.3800048828125,18561500,-0.9616009616965515,-0.009662541981493078,5.706971942868516,0.905213319068987,607.165005493164,439.4122009277344,110.71531786006612,-9.076793144082318,0.797521524036714,False
2026-02-26,SNDK,645.739990234375,659.8599853515625,607.0,651.9000244140625,23672700,3.0867547013709418,0.03040072637802016,8.185955051719294,2.1126514514067107,613.3785064697265,448.3266015625,107.06727818423846,-6.270216781820048,1.001667139163807,False
2026-02-27,SNDK,627.0800170898438,661.2000122070312,621.27001953125,635.3599853515625,18208200,-2.537204853975339,-0.025699469053511947,6.367607257059246,-3.807333393878509,618.1815063476563,456.9964013671875,107.7310063420295,-8.648333391252272,0.7783545599478823,False
2026-03-02,SNDK,618.64501953125,648.7999877929688,597.5999755859375,619.0800170898438,17519900,-2.5623219335587533,-0.025957211677821057,8.27615362454962,-2.630786673017127,620.3230072021485,465.1918017578125,106.09883945951731,-10.989057181439687,0.7883826296535709,False
2026-03-03,SNDK,581.6400146484375,593.1599731445312,557.0900268554688,565.4099731445312,20533500,-8.669322618036245,-0.09068344845047616,6.201421047495223,-6.0476838870366585,615.3315063476563,472.363401184082,97.32004086758573,-18.70570297973645,0.9414299318187133,False
2026-03-04,SNDK,586.8400268554688,607.47998046875,576.2999877929688,599.0599975585938,15614300,5.951438073672044,0.05781067176927923,5.313201426095035,3.7901796446486724,610.5090057373047,479.95540100097656,98.3838159351519,-13.867523235148438,0.7424412267114894,False
2026-03-05,SNDK,594.385009765625,603.530029296875,559.0999755859375,565.5900268554688,15433600,-5.587081567710806,-0.05749227439976856,7.474962016363257,-0.7803872420160229,609.5610076904297,486.5150015258789,79.06882132446938,-18.679814968290252,0.7583212237422505,False
2026-03-06,SNDK,548.25,570.9000244140625,526.6300048828125,527.3300170898438,16108900,-6.764618884519691,-0.07004291063357293,8.074786964204286,-3.0658296702780863,607.1175079345703,492.2406018066406,82.64523409925533,-24.18081556187165,0.8147537654588083,False
2026-03-09,SNDK,517.0,589.510009765625,517.0,588.72998046875,21205500,11.643555532406813,0.11014107036714371,14.025146956600581,-1.9589283285733727,606.6565063476562,499.11720153808596,91.14602999555143,-15.35276671760023,1.072859372221313,False
2026-03-10,SNDK,599.22998046875,636.5800170898438,595.5599975585938,618.8900146484375,18133200,5.122897623741518,0.049959933282131,6.845455145478857,1.7835001356037328,608.431005859375,506.49340179443357,92.39391210998716,-11.016375615213237,0.9108714139825483,False
2026-03-11,SNDK,625.9500122070312,655.6799926757812,618.7999877929688,655.4299926757812,15815800,5.904114973982955,0.057363923031327424,5.891845061681146,1.140751569986831,614.1205047607422,514.6010015869141,89.5736059778801,-5.762680123518282,0.7946392324419488,False
2026-03-12,SNDK,647.0,651.989990234375,612.2100219726562,618.8200073242188,17284100,-5.5856438918980285,-0.05747704698289979,6.148372219740147,-1.2861774361844436,615.0945037841797,522.0924017333984,85.65555840210305,-11.02644122508739,0.8754239962236036,False
2026-03-13,SNDK,630.75,671.6699829101562,623.0599975585938,661.6199951171875,18806900,6.916387202481733,0.066876914985607,7.7066960525663895,1.9278615000453136,616.6610046386719,530.5204016113281,87.09191147526857,-4.8726853923867885,0.9635679511916705,False
2026-03-16,SNDK,687.52001953125,720.0,687.4299926757812,703.6300048828125,19406300,6.349567739134621,0.06156129113776121,4.737317663335087,3.914637496630524,620.5145050048828,539.8454016113282,89.4948829419897,0.0,1.0051809580045865,False
2026-03-17,SNDK,716.0,721.3699951171875,695.1199951171875,720.1699829101562,14782100,2.3506641150271124,0.023234614764761297,3.666201117318436,1.7580255292336089,626.9935028076172,548.7440014648438,86.28805591149138,0.0,0.7744095573081199,False
2026-03-18,SNDK,730.0150146484375,761.52001953125,715.5,753.6900024414062,20663100,4.654459409124212,0.04549387460113152,6.30398260416773,1.367042777664551,634.6580017089843,558.3362017822266,87.19062602650648,0.0,1.0952272798948612,False
2026-03-19,SNDK,707.1500244140625,776.0,692.0,772.0900268554688,21266400,2.441325260313909,0.024120012201310992,11.878667482137411,-6.174949631358806,642.2080017089844,566.7854022216796,86.92484539170913,0.0,1.12225316079618,False
2026-03-20,SNDK,772.7000122070312,777.5999755859375,698.3499755859375,709.7100219726562,23508600,-8.079369336872643,-0.08424469147104752,10.25624417600842,0.07900443346571251,645.1950042724609,573.9084027099609,92.11981892912034,-8.079369336872643,1.219634746666881,False
2026-03-23,SNDK,716.0,748.780029296875,678.8400268554688,702.489990234375,22925100,-1.0173213727788455,-0.010225314522777751,9.768156765559532,0.8862743701801845,646.995004272461,581.26740234375,91.92006179484919,-9.014497558601741,1.1760743655382215,False
2026-03-24,SNDK,693.6900024414062,711.2999877929688,680.1900024414062,702.47998046875,14536300,-0.0014248979720909993,-1.4249081239370298e-05,4.484710063871831,-1.252685150721189,650.193002319336,587.7688018798829,90.35172976928135,-9.015794009180922,0.777371345451434,False
2026-03-25,SNDK,651.0,687.219970703125,638.0,677.8599853515625,20618700,-3.504725515559759,-0.03567614791533291,7.56067138296851,-7.328319937943073,652.4670013427734,593.5406018066407,91.36910491103146,-12.204540691670617,1.0966133678258243,False
2026-03-26,SNDK,654.0,659.6599731445312,602.030029296875,603.1699829101562,19023800,-11.01849999342701,-0.11674170295758035,8.811918019519304,-3.5198987795669767,650.0304992675781,597.8078015136718,100.12631235762484,-21.8782833697881,1.0244529870275338,False
2026-03-27,SNDK,599.75,638.52001953125,599.3699951171875,615.8300170898438,16684200,2.098916480990276,0.020771926795074336,6.527723953991246,-0.5670015098655279,649.0540008544922,602.3682019042968,100.14225781008368,-20.23857378420406,0.9021648940182545,False
2026-03-30,SNDK,642.1199951171875,651.0,558.5830078125,572.5,20501200,-7.036035251188855,-0.0729582437422227,14.392480048940667,4.269031599268125,646.725,605.6334020996094,103.00961500852573,-25.85061584959846,1.0996975740482273,False
2026-03-31,SNDK,588.010009765625,636.3200073242188,578.4199829101562,635.3400268554688,20685000,10.97642390488538,0.10414759551146613,9.846775301859381,2.7091720114628792,650.2215026855469,610.067802734375,104.44762518308823,-17.71166512238849,1.1091060637297652,False
2026-04-01,SNDK,652.2899780273438,710.8499755859375,645.0999755859375,692.72998046875,22322700,9.032951047854688,0.08647995374797723,10.079872788915328,2.667855078447756,654.9050018310547,614.8600024414062,106.8090530668927,-10.278600114799119,1.1757716055478962,False
2026-04-02,SNDK,642.0900268554688,707.3099975585938,641.0,701.5900268554688,17443900,1.2790043215284763,0.012708941410877195,10.327211883874938,-7.310200950017309,661.7050018310547,618.8660028076172,104.03485757739884,-9.131059532931541,0.9139588045534732,False
2026-04-06,SNDK,720.3400268554688,736.0,711.0,724.6300048828125,12773700,3.2839660122606196,0.032311960396480544,3.4705832062579627,2.672500931069055,671.5700012207031,623.2898028564454,99.74485141621398,-6.146954412291683,0.6751666153082588,False
2026-04-07,SNDK,715.7000122070312,738.0059814453125,687.6790161132812,710.7999877929688,14406500,-1.9085625763013203,-0.01927010738835122,7.0318519594314495,-1.2323520438855429,677.6735015869141,628.0292028808594,93.93506404636356,-7.938198517097694,0.775402623768931,False
2026-04-08,SNDK,784.0,807.9879760742188,758.1900024414062,780.9000244140625,16898900,9.862132502105702,0.0940560528257901,6.351782351124044,10.298257380999253,685.7740020751953,634.2312036132812,97.68819869744243,0.0,0.9125826609348425,False
2026-04-09,SNDK,817.0800170898438,855.0,805.0,851.5700073242188,17233600,9.049811845400125,0.08663458126053492,6.119351710262441,4.633114553034923,695.5810028076172,641.63400390625,100.0303269636704,0.0,0.9271081049602834,False
2026-04-10,SNDK,873.9500122070312,873.9500122070312,835.2750244140625,851.77001953125,13343800,0.023487464954263793,0.00023484707081067313,4.4253089138703485,2.628087496074971,707.2285034179688,648.1168041992188,96.67180418477336,0.0,0.7255401124647528,False
2026-04-13,SNDK,867.0850219726562,953.4099731445312,866.9500122070312,952.5,20234400,11.825959843501433,0.11177354673687567,9.971335998954268,1.7980208378118867,721.7725036621093,656.3808044433594,101.02290839606765,0.0,1.0959482833561223,False
2026-04-14,SNDK,964.02001953125,965.0,902.0,944.4600219726562,19821500,-0.8440921813484215,-0.008476748141289292,6.535133993444808,1.209450869422568,733.8140045166016,663.7450048828125,100.09236420541939,-0.8440921813484215,1.0723787342073479,False
2026-04-15,SNDK,929.864990234375,937.989990234375,873.9299926757812,891.719970703125,16269600,-5.584148618527573,-0.057461209756533016,6.889171893916261,-1.5453308132404753,742.39150390625,668.2746044921874,103.231136066709,-6.3811054379921295,0.8766869363968736,False
2026-04-16,SNDK,896.6199951171875,929.5,892.510009765625,919.469970703125,13851900,3.1119634988234113,0.03064523611889669,4.125492453415612,0.54950259891553,750.6805023193359,672.7538037109375,102.70022490326187,-3.4677196112204767,0.7603627063882017,False
2026-04-17,SNDK,920.8400268554688,930.5,886.0,920.989990234375,25655700,0.1653147552048484,0.0016517826077295794,4.832544057838239,0.1490049915709557,758.1255004882812,679.4826037597657,102.59841978493516,-3.3081375082021025,1.3915367261025477,False
2026-04-20,SNDK,930.969970703125,951.469970703125,900.3699951171875,913.02001953125,11303500,-0.8653699592431785,-0.008691360277663485,5.488896225873289,1.0836144338778553,768.2910003662109,686.21900390625,96.8533786075875,-4.144879839238847,0.6340769744260014,False
2026-04-21,SNDK,927.8499755859376,938.780029296875,899.2000122070312,903.489990234375,10245900,-1.0437919315030797,-0.010492776458367992,4.265777672176901,1.6242750145064155,778.3410003662109,692.3298034667969,96.86178305730044,-5.145407849409445,0.5959434040182077,False
2026-04-22,SNDK,922.010009765625,981.0609741210938,895.739990234375,979.0700073242188,15497400,8.36534083462701,0.0803381178937359,9.253802343036096,2.049831180359374,792.1705017089844,700.243203125,99.635575310579,0.0,0.8988796630317801,False
2026-04-23,SNDK,948.5449829101562,978.8800048828124,926.1099853515624,932.4299926757812,12272600,-4.763705792183737,-0.04880907516617228,5.56325956934066,-3.11775707413271,804.8990020751953,708.0590026855468,100.65331902356228,-4.763705792183737,0.7294919187398097,False
2026-04-24,SNDK,954.5599975585938,1002.0900268554688,947.0,989.9000244140624,11642800,6.1634688062060405,0.05980987876772925,5.771248218694306,2.3733690525447715,824.2355041503906,715.8702026367188,88.56980721335799,0.0,0.7075780154171154,False
2026-04-27,SNDK,1019.64501953125,1070.6600341796875,1008.8800048828124,1070.199951171875,13005000,8.111922899016344,0.07799682766304805,6.058974261971736,3.004848407271643,846.9540008544922,724.6684020996094,90.53468117944405,0.0,0.7993003279559054,False
2026-04-28,SNDK,1027.5999755859375,1054.219970703125,980.280029296875,1002.3499755859376,14119000,-6.339934468473974,-0.06549828255830903,7.19540124201438,-3.980562280842037,868.446499633789,732.1842016601563,89.46780561934365,-6.339934468473974,0.8851277351098996,False
2026-04-29,SNDK,1070.5999755859375,1103.0,1060.0,1064.2099609375,11350200,6.17149567100066,0.05988548444876507,4.0164394713782965,6.80899901854175,889.8899963378906,741.6566003417969,85.77490768244824,-0.5597075787394656,0.7329978178361382,False
2026-04-30,SNDK,1112.4300537109375,1115.0,1076.050048828125,1096.510009765625,15088300,3.035119949419629,0.029899714507068964,3.501339346410364,4.5310694828451625,910.0789978027344,751.5788000488282,82.76380756928778,0.0,0.9977114192969475,False
2026-05-01,SNDK,1059.02001953125,1189.239990234375,1048.0,1187.0,23126800,8.252545752292484,0.07929669796017347,13.336857437019134,-3.419028545155589,934.349496459961,762.8969995117187,85.0141974133981,0.0,1.501052602200745,False
2026-05-04,SNDK,1222.1800537109375,1275.1099853515625,1205.0,1255.8599853515625,17853000,5.801178209904179,0.05639146957357255,5.736469445617747,2.963778745656076,960.9109954833984,775.0147998046875,85.66752539880699,0.0,1.1399640636433643,False
2026-05-05,SNDK,1289.010009765625,1418.8800048828125,1286.1300048828125,1406.3199462890625,20668200,11.980631813456544,0.11315574011585117,10.29860117410084,2.6396274107565176,995.6869934082031,789.8113989257813,88.91434516887077,0.0,1.2938565259211705,False
2026-05-06,SNDK,1437.4000244140625,1439.699951171875,1337.56005859375,1409.97998046875,21114100,0.2602561521896529,0.002599180723212413,7.105878032787777,2.2100289629691128,1027.1409912109375,805.2405981445313,86.63452527582669,0.0,1.3045583018455822,False
2026-05-07,SNDK,1379.4200439453125,1400.989990234375,1292.573974609375,1339.9599609375,16243300,-4.966029340925237,-0.05093577242114833,7.859536049289,-2.1674021579567215,1051.5604888916016,819.392197265625,88.35612170967659,-4.966029340925237,1.006690279417552,False
2026-05-08,SNDK,1394.3699951171875,1564.0,1391.1199951171875,1562.3399658203125,20567600,16.596018639782706,0.15354494188892254,12.398431226159817,4.060571641380961,1087.0889862060546,837.60099609375,99.27789604107087,0.0,1.2467826586666053,False
2026-05-11,SNDK,1586.25,1600.0,1514.469970703125,1547.56005859375,16516800,-0.946010954715748,-0.009505140607681817,5.391964021867612,1.530398933828292,1116.841989135742,855.8449975585937,95.33787484286142,-0.946010954715748,1.012638360434219,False
2026-05-12,SNDK,1492.0,1508.3199462890625,1367.0,1452.02001953125,17138500,-6.173591682723845,-0.06372383103674562,9.471846266022956,-3.590171398209696,1142.219989013672,872.5037976074219,99.76851322919346,-7.061199783821603,1.0594683278408012,False
2026-05-13,SNDK,1512.4849853515625,1513.5699462890625,1404.8599853515625,1447.22998046875,11618700,-0.3298879490687967,-0.003304332790122544,7.187506784553727,4.164196430282829,1169.9954895019532,890.1401977539062,95.85873530220388,-7.367793685743907,0.7287208671117881,False
2026-05-14,SNDK,1394.4000244140625,1453.77001953125,1362.0,1382.719970703125,11213600,-4.45748157765019,-0.04559881849981817,6.581326586666725,-3.6504188530959047,1193.1579895019531,905.8133972167968,98.95079038136278,-11.496857217172796,0.7091806565246126,False
2026-05-15,SNDK,1321.0,1426.3780517578125,1315.75,1407.6099853515625,14011300,1.8000763116034824,0.017840667750873784,8.374568641772331,-4.46366379388734,1217.4889892578126,922.6537963867188,98.71052632336023,-9.903733108914514,0.9199905711357251,False
2026-05-18,SNDK,1431.6700439453125,1440.0,1277.3299560546875,1333.010009765625,13904400,-5.299761749509435,-0.054453669954550143,11.362257989070995,1.7092844498215687,1238.4884887695312,938.7673962402343,101.83619034489169,-14.678620599344194,0.9052417418761546,False
2026-05-19,SNDK,1289.75,1392.8599853515625,1278.1099853515625,1383.2900390625,13309300,3.7719168594777086,0.03702519765158385,8.897073076177554,-3.245287690917731,1262.4784912109376,954.6585974121094,101.41177349084573,-11.46036910499193,0.8579424606838953,False
2026-05-20,SNDK,1437.97998046875,1444.0,1366.97998046875,1392.56005859375,9141200,0.6701428673290044,0.00667907391711875,5.356125994615249,3.9536134767019115,1283.152993774414,970.1319982910156,99.0675968346999,-10.867027083789594,0.6015833252990165,False
2026-05-21,SNDK,1377.469970703125,1546.0899658203125,1377.469970703125,1542.239990234375,13746100,10.748544072977095,0.1020920767828164,12.241282837629917,-1.0836220526002638,1313.6434936523438,987.8681982421875,100.12345153689746,-1.2865302063359785,0.9002672751362082,False
2026-05-22,SNDK,1520.7149658203125,1528.0,1473.52001953125,1478.68994140625,9657100,-4.120632925519407,-0.04207937766938841,3.5825241214327175,-1.3956987596198567,1338.082989501953,1005.0655969238281,101.96206259784431,-5.354149944576358,0.6366076946529661,False
2026-05-26,SNDK,1535.2099609375,1641.739990234375,1520.0,1589.550048828125,12919700,7.497184116667888,0.07229446697299569,7.929859324260284,3.8223036451779047,1364.0504943847657,1023.6241979980468,101.55161610600905,0.0,0.8519217479835626,False
2026-05-27,SNDK,1645.989990234375,1658.77001953125,1528.280029296875,1589.93994140625,10394200,0.02452848706540056,0.0002452547932385585,7.927751141171541,3.5506866517263536,1393.4299926757812,1041.3503967285155,96.79942111634509,0.0,0.6939125929961173,False
2026-05-28,SNDK,1596.31005859375,1697.9599609375,1560.1800537109375,1641.6400146484375,10004100,3.2516997589519203,0.031999508273980126,8.631149474052556,0.40065143478726917,1422.301495361328,1059.7797973632812,95.89453335360307,0.0,0.6708841277872614,False
2026-05-29,SNDK,1682.0,1708.824951171875,1641.0799560546875,1694.97998046875,8751100,3.249187723517788,0.03197517873753153,4.0276453696306485,2.4585161784208553,1452.2249938964844,1078.6055969238282,95.92097458142531,0.0,0.5995976006777685,False
2026-06-01,SNDK,1731.1500244140625,1804.0,1686.1600341796875,1761.4300537109375,9681700,3.92040460700962,0.03845507981364804,6.807033715070274,2.1339511004318634,1480.9464965820312,1098.3923974609374,93.74353183075904,0.0,0.6953895436948293,False
2026-06-02,SNDK,1750.06005859375,1772.4000244140625,1708.800048828125,1716.3599853515625,7093300,-2.5587203002709336,-0.0259202489053445,3.63415959775934,-0.6454979630461932,1503.9714965820312,1118.5253967285157,94.0274260100477,-2.5587203002709336,0.5299552511951132,False
2026-06-03,SNDK,1736.0,1861.0,1708.8800048828125,1831.5,11884700,6.708383767456172,0.06492954249865512,8.762672529791907,1.1442829485688977,1525.2304992675781,1141.1055969238282,88.80571445156792,0.0,0.9180536308257515,False
2026-06-04,SNDK,1741.31005859375,1825.9000244140625,1725.0799560546875,1759.6800537109375,10518500,-3.9213729887558,-0.04000329837629213,5.789897546494129,-4.92437572515697,1542.7155029296875,1162.249598388672,90.7470637756728,-3.9213729887558,0.84718937866067,False
2026-06-05,SNDK,1678.8800048828125,1682.0,1514.3599853515625,1559.3199462890625,13289000,-11.386166877287806,-0.12088221051089931,9.98522909087472,-4.591746588121415,1553.6835021972656,1179.8787976074218,100.0104925036133,-14.861045793662985,1.0832206761550027,False
2026-06-08,SNDK,1634.0,1694.988037109375,1602.0,1642.0,8189300,5.3023148910333,0.05166521668069546,5.690822344514994,4.789270725912553,1557.66650390625,1200.6553979492187,85.82093586935734,-10.346710346710342,0.7029967044749265,False
2026-06-09,SNDK,1700.5,1803.0,1536.0,1646.5400390625,16221600,0.2764944617844156,0.0027611291898210766,15.701264334019404,3.5627283800243603,1562.6155029296874,1221.269598388672,85.70398379469898,-10.09882396601146,1.3942826298286886,False
2026-06-10,SNDK,1624.3800048828125,1764.6500244140625,1590.0,1643.22998046875,10362000,-0.20103116324062809,-0.00201233502105147,10.75179600149426,-1.3458545588909465,1572.1760009765626,1242.6841979980468,82.04346825619005,-10.279553345959592,0.9173528147601554,False
2026-06-11,SNDK,1672.260009765625,1895.0,1665.0,1881.510009765625,13759400,14.500710924766768,0.13541084593685504,13.753842025573256,1.7666443310992763,1593.8900024414063,1267.60759765625,93.84255719643939,0.0,1.206691818869063,False
2026-06-12,SNDK,1890.97998046875,2021.6500244140625,1865.1099853515625,1980.0999755859373,11926100,5.239938416941681,0.05107268501603901,8.27824940926639,0.5033175828974112,1623.7590026855469,1293.3549975585938,92.07694639488952,0.0,1.0426548571213752,False
2026-06-15,SNDK,2101.1201171875,2119.89990234375,2021.1099853515625,2107.860107421875,9156400,6.452206121467774,0.0625259296220193,4.7017738864175405,6.111819761310344,1658.7715087890624,1321.4803991699218,93.42593472701583,0.0,0.8178672426144169,False
2026-06-16,SNDK,2134.199951171875,2167.330078125,1980.1800537109373,1991.550048828125,9588500,-5.517921145915561,-0.05676001122838592,8.769095150213076,1.2496011313680722,1691.6985107421874,1346.818800048828,93.67358722808899,-5.517921145915561,0.8732962253402085,False
2026-06-17,SNDK,2074.590087890625,2074.590087890625,1938.0,1958.800048828125,9182500,-1.6444477516028733,-0.016581188771938038,6.583955485370381,4.16961848944557,1720.4740112304687,1371.7788012695312,94.31740595706034,-7.071629567299198,0.8523366741465611,False
2026-06-18,SNDK,2044.7449951171875,2191.68994140625,2029.0,2184.75,12178300,11.53512076472798,0.10916933975192133,7.956490505894403,4.387632435504596,1760.0835083007812,1399.85580078125,99.6394542883624,0.0,1.1147001696997212,False
2026-06-22,SNDK,2293.31494140625,2354.389892578125,2251.284912109375,2273.72998046875,9977600,4.072776311648929,0.03992024065425159,4.495892762357642,4.969215764103452,1796.6580078125,1428.2990002441406,95.40819577933611,0.0,0.9292938136336352,False
2026-06-23,SNDK,2007.699951171875,2060.0,1949.9599609375,1963.5999755859373,12868300,-13.639702495319018,-0.14664213541132565,5.48090061955078,-11.700159279336697,1820.9035095214845,1450.5355993652345,110.3893921387351,-13.639702495319018,1.180868865404001,False
2026-06-24,SNDK,1987.530029296875,2021.5,1861.010009765625,1914.4599609375,10421300,-2.502547120564813,-0.025343932639020572,8.074846058610309,1.218682726037268,1837.1490051269532,1469.7747985839844,109.00404078808485,-15.800909633833616,0.9674078976866333,False
2026-06-25,SNDK,2238.304931640625,2347.9990234375,2092.080078125,2335.0,15030200,21.966510015522278,0.19857631299143907,11.433605032756525,16.9157348448562,1874.4020080566406,1497.5855981445313,127.91320606896525,0.0,1.3658609284913616,False
2026-06-26,SNDK,2169.9951171875,2256.110107421875,2063.0390625,2090.7099609375,16867100,-10.462100173982869,-0.11050818859869427,8.897303196336757,-7.06659027034261,1896.8555053710938,1521.5653979492188,135.78439251639963,-10.462100173982869,1.4864358138401539,False
2026-06-29,SNDK,2090.7099609375,2090.7099609375,1895.0,2050.389892578125,11251000,-1.9285347615264126,-0.019473735954436577,9.360933108566682,0.0,1914.6260009765624,1544.1837963867188,136.01303067108356,-12.18886969686831,0.9807066387502462,False
2026-06-30,SNDK,2109.72998046875,2280.800048828125,2070.0,2273.72998046875,11454300,10.892566760061474,0.10339167961203799,9.991802305491646,2.8940880027462423,1940.2409973144531,1571.2385961914063,139.74729647853408,-2.62398370583512,0.9907732655650867,False
2026-07-01,SNDK,2085.169921875,2129.97998046875,2002.050048828125,2032.219970703125,11056500,-10.621754203013833,-0.11229286902371616,6.135228131700148,-8.292983784946905,1956.0339965820312,1593.6225952148438,146.13564543057262,-12.967024809288008,0.9402481306014986,False
2026-07-02,SNDK,2043.800048828125,2052.5400390625,1693.0,1745.0,17259300,-14.133311100360368,-0.15237422150166147,17.591742365827482,0.5698240491649909,1951.7089965820312,1610.4527954101563,155.07936452101328,-25.267665952890795,1.4349435394159893,False
2026-07-06,SNDK,1828.6800537109373,1837.77001953125,1713.199951171875,1744.4300537109375,9164200,-0.032661678456302745,-0.00032667013544251944,6.812020949568797,4.795418550770036,1950.9464965820312,1625.7599963378907,154.44221580930184,-25.29207478754015,0.7662281686384237,False
2026-07-07,SNDK,1619.280029296875,1638.8800048828125,1485.02001953125,1617.699951171875,14530800,-7.264842879166677,-0.07542252834910812,9.501752789378356,-7.174264405031893,1953.865496826172,1639.4653955078124,150.53352999905908,-30.71948817251071,1.208660452902476,False
2026-07-08,SNDK,1591.800048828125,1734.68994140625,1590.0,1727.1800537109375,12048600,6.767639602124875,0.06548469464412943,9.089705802733828,-1.6010325230576883,1958.1244995117188,1654.21099609375,151.21859747094365,-26.030832817518736,0.9863612548300478,False
2026-07-09,SNDK,1835.613037109375,1952.5899658203125,1801.0,1858.27001953125,13359300,7.589826291628299,0.07315590607630185,8.25827463390804,6.2780358750359255,1968.7109985351562,1669.9723974609376,153.28335504405112,-20.416701519004288,1.1066273970072278,False
2026-07-10,SNDK,1778.9840087890625,1946.8349609375,1773.0,1915.9200439453125,11022700,3.1023491639070144,0.030551990070168955,9.771586482996426,-4.266657154711428,1982.3455017089843,1688.243798828125,153.49192627151817,-17.947749723969487,0.9105816381828515,False
2026-07-13,SNDK,1792.8599853515625,1800.0,1646.1700439453125,1673.969970703125,13900700,-12.628401378585586,-0.1349999147021297,8.580143307985253,-6.423026836774537,1971.9684997558593,1700.4389990234374,153.65796268676658,-28.309637228988226,1.1476624572692706,False
2026-07-14,SNDK,1807.0,1812.5400390625,1711.469970703125,1757.8199462890625,9630900,5.009048970616692,0.04887634112863104,5.593252261171832,7.94697823886279,1960.8544982910157,1713.6651977539063,153.55200171537155,-24.718631850575477,0.8027472561820558,False
2026-07-15,SNDK,1717.2900390625,1729.5,1478.5,1615.0,19082600,-8.12483363785751,-0.08473941771232152,14.61605170300909,-2.305691621722994,1936.211492919922,1722.2251977539063,153.73905989580607,-30.83511777301927,1.5273735196080276,False
2026-07-16,SNDK,1527.489990234375,1551.6290283203125,1390.0400390625,1411.0799560546875,17449900,-12.626628108068882,-0.13497961917646695,10.578726557351686,-5.4185764560758525,1907.18798828125,1725.3295971679688,159.08487192111843,-39.56831023320396,1.3540904824741276,False
2026-07-17,SNDK,1365.2049560546875,1501.199951171875,1325.030029296875,1354.8199462890625,19810900,-3.9870178528313427,-0.040686772963428375,12.904283792238369,-3.2510560300398783,1876.9889831542969,1724.2995971679688,159.30184304580882,-41.97773249297377,1.4764173353778163,False
2026-07-20,SNDK,1408.780029296875,1454.989990234375,1375.6099853515625,1390.949951171875,12572000,2.66677538825546,0.02631836729332715,5.634662845301067,3.982823190314888,1837.2989807128906,1723.9189965820312,153.093490508551,-40.43040894338865,0.9355621521501484,False
2026-07-21,SNDK,1511.6700439453125,1595.6390380859375,1489.64501953125,1589.4000244140625,14295900,14.267233200949715,0.1333696700564433,7.011716543515896,8.678967397190007,1803.0824829101562,1728.9077978515625,161.51514556479003,-31.931476470489827,1.0470252841236796,False
2026-07-22,SNDK,1526.0,1628.4000244140625,1516.010009765625,1599.27001953125,10539100,0.6209887357228494,0.006190685460143008,7.365007513003769,-3.988928113766399,1784.865985107422,1729.6463989257813,154.3082683167033,-31.508778606798714,0.7785193056403518,False
2026-07-23,SNDK,1567.5999755859375,1696.3699951171875,1558.6099853515625,1610.3299560546875,12756900,0.6915615492297578,0.006891812302937339,8.787956871084605,-1.9802812257179059,1769.6594848632812,1730.901796875,154.3146313896806,-31.035119655045506,0.9342877199561013,False
2026-07-24,SNDK,1551.1650390625,1573.0899658203125,1411.5,1436.56005859375,14081100,-10.790949817928874,-0.11418769210852986,10.417329023736569,-3.6740865913679976,1724.7374877929688,1730.59259765625,137.64455616016005,-38.47708528506424,1.0348659372705633,False
2026-07-27,SNDK,1462.989990234375,1462.989990234375,1222.010009765625,1278.22998046875,21275600,-11.02147294001683,-0.11677511435494914,16.471744993289008,1.8398069389801375,1684.1134887695312,1727.21259765625,138.18213877351317,-45.25781668228051,1.538686848268782,False
2026-07-28,SNDK,1173.5999755859375,1188.0,1050.719970703125,1096.0999755859375,26627200,-14.248610004908668,-0.15371789021812798,11.697344252954323,-8.185538321080754,1636.398992919922,1721.4801977539062,145.54180285464068,-53.05781689139454,1.824289998749651,False
2026-07-29,SNDK,1119.3280029296875,1124.800048828125,998.1900024414062,1015.8900146484376,24491100,-7.317759577051575,-0.07599331296827128,11.31125515088824,2.119152254458645,1573.5069946289063,1713.6457983398439,137.2119578701595,-56.4929329915016,1.606209172295087,False
2026-07-30,SNDK,1135.010009765625,1285.47998046875,1124.0,1279.9599609375,24398700,25.99395037665051,0.23106370692700473,14.227185582450941,11.725678311584797,1535.893994140625,1712.5847973632813,164.69082754326487,-45.18372758297644,1.5330751890919658,False
2026-07-31,SNDK,1383.68505859375,1404.989990234375,1187.260009765625,1214.8299560546875,21176600,-5.088440800531635,-0.0522246837911009,15.735515760358842,8.103776744725444,1509.3854919433593,1709.215595703125,157.96500113849322,-47.97302115397484,1.314439932616379,False
2026-08-03,SNDK,1159.8399658203125,1316.449951171875,1121.2650146484375,1288.030029296875,14759300,6.025540683892405,0.05850982894826462,16.828609314681646,-4.526558631543942,1486.5654907226562,1707.1249951171876,160.2080788978103,-44.8381143770075,0.9004792106644736,False
2026-08-04,SNDK,1358.2099609375,1446.623046875,1340.0,1427.6199951171875,14685300,10.837477593322387,0.1028947765601016,7.850262473513579,5.448625423658449,1477.0614929199219,1704.8325952148436,163.77682742141138,-38.85995738256156,0.8955423210567977,False
2026-08-05,SNDK,1398.77001953125,1441.758056640625,1345.0,1350.5,16369800,-5.401997406940007,-0.05553382439143384,6.9173670646050995,-2.020844180146786,1458.227490234375,1702.2687963867188,162.37418441078756,-42.1627408993576,0.9852849476474455,False
2026-08-06,SNDK,1173.260009765625,1324.0,1163.0899658203125,1258.5799560546875,19161700,-6.806371265850608,-0.0704908278548535,13.714780427215917,-13.124027414614957,1428.242987060547,1695.64939453125,160.3404238723524,-46.09935948373929,1.133533281275881,False
2026-08-07,SNDK,1309.300048828125,1309.530029296875,1184.3699951171875,1212.2099609375,13953700,-3.6843106307322016,-0.037538958655076726,9.559308753689473,4.029946014111929,1393.0574829101563,1688.094794921875,159.3408308107053,-48.08522651231263,0.8183532295854483,False
2026-08-10,SNDK,1203.4100341796875,1278.7550048828125,1194.010009765625,1237.9200439453125,10870900,2.120926558624281,0.020987479577718737,7.042071505989601,-0.7259408057500916,1371.2549865722656,1680.0203955078125,154.3256033691477,-46.98415229356263,0.643269074869848,False
2026-08-11,SNDK,1260.56005859375,1287.0400390625,1242.06005859375,1271.050048828125,9412800,2.676263709021587,0.02641078163388233,3.5682536632906303,1.828875359048454,1346.9164916992188,1671.541796875,153.29318591960816,-45.5653084013651,0.5573478607257992,False
2026-08-12,SNDK,1358.219970703125,1389.280029296875,1308.531005859375,1344.2900390625,12054700,5.762164149389748,0.05602265274054652,5.9452095521535995,6.858103027128504,1333.3809936523437,1663.1989965820312,153.0901643544844,-42.42869211723769,0.7289462035803004,False
2026-08-13,SNDK,1339.8299560546875,1580.8800048828125,1331.5799560546875,1528.1099853515625,22094400,13.674128420772757,0.12816564640326877,18.60684243560452,-0.33177981523413447,1339.2324951171875,1659.4339965820313,152.90489409512935,-34.556317543830296,1.317543845525641,False
2026-08-14,SNDK,1646.9300537109375,1667.18994140625,1565.0,1641.1099853515625,21000300,7.394755684029031,0.07134116513681743,6.20487440714261,7.775622795373516,1353.5469970703125,1655.6261962890626,153.73278279883823,-29.71691711556478,1.247874558310711,False
2026-08-17,SNDK,1700.7449951171875,1827.989990234375,1698.0,1786.8499755859375,18037600,8.880574217160353,0.0850814461946321,7.643120550557211,3.633821638886059,1373.3419982910157,1656.1695947265625,155.9797745941414,-23.475375777904173,1.054698726211669,False
2026-08-18,SNDK,1677.5400390625,1724.989990234375,1600.199951171875,1625.780029296875,18650700,-9.01418409434429,-0.09446656078872095,7.438870975159522,-6.117465820687773,1375.1609985351563,1657.4987963867188,153.51460305510142,-30.373446282789075,1.0768380256785919,False
2026-08-19,SNDK,1682.405029296875,1699.0,1542.0,1568.8699951171875,16280200,-3.5004756580938046,-0.03563210675471673,9.331878903477527,3.4829435089376526,1373.6409973144532,1656.0361962890624,154.04869205635313,-32.81070684722965,0.9246472837683798,False
2026-08-20,SNDK,1569.0,1631.4000244140625,1554.0,1600.6199951171875,11459600,2.0237495840200737,0.020035439252392706,4.933079949908381,0.008286530000400916,1373.155499267578,1655.1177954101563,154.20810839495562,-31.45096380654443,0.6532640256435032,False
2026-08-21,SNDK,1604.8050537109375,1614.06005859375,1570.010009765625,1596.0799560546875,7576500,-0.28364253079117274,-0.002840455585032764,2.744884727666083,0.26146484527975744,1381.131494140625,1654.174794921875,148.25168624714493,-31.645398027636507,0.440063461141377,False
2026-08-24,SNDK,1494.0899658203125,1517.0,1416.56005859375,1493.1199951171875,14032400,-6.4508022011631745,-0.06668270841072577,6.722482829278934,-6.390030138996394,1391.875994873047,1646.4069946289062,143.78143018148205,-36.054818196266055,0.8325523927337668,False
2026-08-25,SNDK,1533.68994140625,1564.9859619140625,1467.010009765625,1480.77001953125,9032300,-0.8271254571852515,-0.008305651198096342,6.388250291229186,2.71712564440465,1411.1094970703125,1636.4203955078126,130.7989192943197,-36.58372507360814,0.5654046684398617,False
2026-08-26,SNDK,1455.5699462890625,1511.77001953125,1450.050048828125,1499.3699951171875,8968600,1.256101578273805,0.012482780684315742,4.2402614082874175,-1.7018222215334111,1435.28349609375,1624.2505932617187,126.32569650827388,-35.78715224337527,0.5900858653032262,False
2026-08-27,SNDK,1549.4200439453125,1557.8900146484375,1456.0,1484.949951171875,8854300,-0.9617401970342554,-0.009663947854740229,6.576009846174015,3.3380719229487488,1445.5329956054688,1614.1185913085938,98.73149502964851,-36.40471301191114,0.6139616415255328,False
2026-08-28,SNDK,1448.0,1517.75,1435.6099853515625,1484.97998046875,8141400,0.0020222430292315963,2.0222225821875384e-05,5.6726529453340815,-2.488296062955875,1459.0404968261719,1604.6421899414063,96.25553843690963,-36.40342696065311,0.5912493441274671,False
2026-08-31,SNDK,1486.4000244140625,1572.68994140625,1449.5,1566.699951171875,23378800,5.503102518414371,0.05357017425311206,8.287805394433532,0.09562714406858852,1472.9739929199218,1592.2811889648438,95.94108866621363,-32.903642348099574,1.6463016168103206,False
2026-09-01,SNDK,1526.010009765625,1609.60498046875,1513.0,1536.8699951171875,11729800,-1.9039992968899355,-0.01922358780018829,6.330560078278075,-2.5971751244272645,1478.4364929199219,1577.5439892578124,89.82104745948163,-34.181156526030506,0.8346815009579788,False
2026-09-02,SNDK,1531.6199951171875,1587.8590087890625,1509.239990234375,1553.4000244140625,8939600,1.0755645792677848,0.010698215269052902,5.13306295329947,-0.3416033897909343,1488.581494140625,1569.339990234375,87.06375507474276,-33.473232359140795,0.6534071701854656,False
2026-09-03,SNDK,1544.550048828125,1576.800048828125,1511.0,1554.989990234375,8688900,0.1023539201315593,0.0010230157422235209,4.260143520635577,-0.569716457245173,1503.4019958496094,1562.1505908203126,82.18587257318752,-33.40513960452356,0.6603573905360858,False
2026-09-04,SNDK,1586.0,1740.0,1581.0,1740.0,16557000,11.897826412229161,0.11241600476427127,10.025220680958386,1.9942256837904848,1529.7914978027343,1550.2505908203125,87.60131835060928,-25.48179871520343,1.2460076881165318,False
2026-09-08,SNDK,1769.4300537109375,1807.3800048828125,1733.780029296875,1737.989990234375,11199700,-0.11551780262212263,-0.0011558457586406945,4.159530094539761,1.6913823971803188,1554.7949951171875,1543.19619140625,87.85583187190032,-25.567880503881156,0.8417991533678881,False
2026-09-09,SNDK,1751.300048828125,1807.219970703125,1728.02001953125,1764.1700439453125,9574900,1.506340879869339,0.014951082265325155,4.522351907936696,0.7658305668351462,1579.450994873047,1537.4717944335937,87.7865591947887,-24.446679060157926,0.7192367222444026,False
2026-09-10,SNDK,1725.43505859375,1733.949951171875,1674.0,1692.5899658203125,8737100,-4.0574364342408575,-0.04142046976085023,3.4744831961821223,-2.1956491940503198,1596.8659912109374,1525.848994140625,88.76086186520077,-27.512207031250004,0.6645847761853636,False
2026-09-11,SNDK,1713.5,1720.699951171875,1616.802001953125,1633.3499755859375,9371400,-3.49996109102918,-0.03562677444146267,6.063492805296177,1.2353868687596359,1602.1279907226562,1517.8715942382812,78.68143842474937,-30.049251580902038,0.7490794772893768,False
2026-09-14,SNDK,1521.5250244140625,1581.8399658203125,1505.0,1551.989990234375,9586700,-4.981172839114034,-0.05109513338183458,5.050194021613511,-6.84635582351294,1597.6719909667968,1514.0113940429687,76.6207344602221,-33.53361926191113,0.8029146033773386,False
2026-09-15,SNDK,1569.7099609375,1579.989990234375,1509.1400146484375,1530.89501953125,6873900,-1.3592207962590863,-0.013685427692998964,4.513571127727492,1.1417580535070915,1584.8742431640626,1509.740693359375,69.26503718852749,-34.43704413142399,0.6039437025608675,False
2026-09-16,SNDK,1549.739990234375,1560.5799560546875,1504.199951171875,1519.969970703125,7419200,-0.713638014935225,-0.00716196590931073,3.638029942963908,1.2309773343501584,1579.583740234375,1507.78609375,61.23173744805338,-34.90492630821734,0.6856858730244549,False
2026-09-17,SNDK,1564.530029296875,1625.35498046875,1564.5,1614.3900146484375,8480500,6.211967720759293,0.06026660687329066,3.889665224009744,2.931640720055606,1581.8597412109375,1505.53029296875,63.931725919683466,-30.861241342679335,0.8130771140915789,False
2026-09-18,SNDK,1625.199951171875,1797.0,1616.0,1791.8199462890625,17788400,10.990524596329564,0.10427464768349815,11.137091154198425,0.6695988221775195,1591.4197387695312,1504.2012915039063,73.46522663895693,-23.26252906684957,1.6552630281103644,False
2026-09-21,SNDK,1826.0,1834.489990234375,1737.010009765625,1766.6400146484375,10442700,-1.40527131047814,-0.014152387375337305,5.338443618222891,1.9075607335282685,1599.9477416992188,1501.2156909179687,73.74764648617158,-24.340898730259642,0.958936186624646,False
2026-09-22,SNDK,1757.5050048828125,1909.47998046875,1756.8199462890625,1887.0400390625,12927100,6.815198535963329,0.06593003880229453,8.686179200375399,-0.5170838252207766,1619.6437438964845,1505.4770922851562,71.62595638868808,-19.184580768201286,1.1931296128196525,False
